place_id,title,rating,reviews,price,categories,link
wEYj3B_EH6JS6DbfmZQudw,Twenty Seven Steps,4.8,48,$$,Modern European,https://www.yelp.com/biz/twenty-seven-steps-christchurch?osq=Restaurant
twenty-seven-steps-christchurch,Twenty Seven Steps,4.8,48,$$,Modern European,https://www.yelp.com/biz/twenty-seven-steps-christchurch?osq=Restaurant
5ZOai8-HCajxJ4gnjqsAdw,OGB,4.9,9,,"Bars, New Zealand",https://www.yelp.com/biz/ogb-christchurch?osq=Restaurant
ogb-christchurch,OGB,4.9,9,,"Bars, New Zealand",https://www.yelp.com/biz/ogb-christchurch?osq=Restaurant
iL_451H-5M9tmaAsFqKZrw,Orange House,5.0,2,,Chinese,https://www.yelp.com/biz/orange-house-christchurch?osq=Restaurant
orange-house-christchurch,Orange House,5.0,2,,Chinese,https://www.yelp.com/biz/orange-house-christchurch?osq=Restaurant
FisqIWxJhevSzft-Vt1LLg,The Camden Restaurant & Bar,5.0,1,,"New Zealand, Bars",https://www.yelp.com/biz/the-camden-restaurant-and-bar-christchurch?osq=Restaurant
the-camden-restaurant-and-bar-christchurch,The Camden Restaurant & Bar,5.0,1,,"New Zealand, Bars",https://www.yelp.com/biz/the-camden-restaurant-and-bar-christchurch?osq=Restaurant
Busy8uaGSr4xVTDK64KCcg,5th Street,5.0,6,,"Wine Bars, Tapas/Small Plates, Cocktail Bars",https://www.yelp.com/biz/5th-street-christchurch?osq=Restaurant
5th-street-christchurch,5th Street,5.0,6,,"Wine Bars, Tapas/Small Plates, Cocktail Bars",https://www.yelp.com/biz/5th-street-christchurch?osq=Restaurant
Vzr1B2n54dN6w54sPCy27w,Unknown Chapter,4.9,13,$$,"Coffee Roasteries, Breakfast & Brunch",https://www.yelp.com/biz/unknown-chapter-christchurch?osq=Restaurant
unknown-chapter-christchurch,Unknown Chapter,4.9,13,$$,"Coffee Roasteries, Breakfast & Brunch",https://www.yelp.com/biz/unknown-chapter-christchurch?osq=Restaurant
qEK1gK9VXEG7H3b4EzDDiQ,King of Snake,4.0,48,$$$,"Asian Fusion, Cocktail Bars, Thai",https://www.yelp.com/biz/king-of-snake-christchurch?osq=Restaurant
king-of-snake-christchurch,King of Snake,4.0,48,$$$,"Asian Fusion, Cocktail Bars, Thai",https://www.yelp.com/biz/king-of-snake-christchurch?osq=Restaurant
I9vSaV6bo5Ip-Bzgrbs42g,Fiddlesticks,4.0,35,$$$,"Bistros, Gastropubs",https://www.yelp.com/biz/fiddlesticks-christchurch?osq=Restaurant
fiddlesticks-christchurch,Fiddlesticks,4.0,35,$$$,"Bistros, Gastropubs",https://www.yelp.com/biz/fiddlesticks-christchurch?osq=Restaurant
WgfACURjETOulUOI_h2N5w,Midnight Shanghai,5.0,1,,"Dim Sum, Karaoke, Tapas/Small Plates",https://www.yelp.com/biz/midnight-shanghai-christchurch?osq=Restaurant
midnight-shanghai-christchurch,Midnight Shanghai,5.0,1,,"Dim Sum, Karaoke, Tapas/Small Plates",https://www.yelp.com/biz/midnight-shanghai-christchurch?osq=Restaurant
YSvV17m2ITiGolqEg8Iq1w,Francesca’s Italian Kitchen,4.6,20,,"Pizza, Italian",https://www.yelp.com/biz/francescas-italian-kitchen-christchurch?osq=Restaurant
francescas-italian-kitchen-christchurch,Francesca’s Italian Kitchen,4.6,20,,"Pizza, Italian",https://www.yelp.com/biz/francescas-italian-kitchen-christchurch?osq=Restaurant
asIl2NNXPqg94JjC_Oyilg,Base Woodfired Pizza,4.9,16,$,Pizza,https://www.yelp.com/biz/base-woodfired-pizza-christchurch?osq=Restaurant
base-woodfired-pizza-christchurch,Base Woodfired Pizza,4.9,16,$,Pizza,https://www.yelp.com/biz/base-woodfired-pizza-christchurch?osq=Restaurant
LPNXJDIG5d3rwXnc1dUYOQ,King of Charcoal,5.0,1,,"Mediterranean, Salad, Burgers",https://www.yelp.com/biz/king-of-charcoal-christchurch?osq=Restaurant
king-of-charcoal-christchurch,King of Charcoal,5.0,1,,"Mediterranean, Salad, Burgers",https://www.yelp.com/biz/king-of-charcoal-christchurch?osq=Restaurant
YGzYS8QRzAHHKnFsoPQtKg,Pedro’s House of Lamb,4.6,21,$$,"Food Trucks, Spanish",https://www.yelp.com/biz/pedros-house-of-lamb-merivale?osq=Restaurant
pedros-house-of-lamb-merivale,Pedro’s House of Lamb,4.6,21,$$,"Food Trucks, Spanish",https://www.yelp.com/biz/pedros-house-of-lamb-merivale?osq=Restaurant
ufJfysAtp0b2QoEFxJP-mg,Curators House Restaurant,4.4,17,$$$$,Restaurants,https://www.yelp.com/biz/curators-house-restaurant-christchurch?osq=Restaurant
curators-house-restaurant-christchurch,Curators House Restaurant,4.4,17,$$$$,Restaurants,https://www.yelp.com/biz/curators-house-restaurant-christchurch?osq=Restaurant
Qio1rgLEilTZ4gjkepQhMw,Little High Eatery,4.3,16,,Noodles,https://www.yelp.com/biz/little-high-eatery-christchurch?osq=Restaurant
little-high-eatery-christchurch,Little High Eatery,4.3,16,,Noodles,https://www.yelp.com/biz/little-high-eatery-christchurch?osq=Restaurant
CcVECN_QhQ1qrKYwcAWlwA,Table of Munchies,5.0,1,,"Chinese, Japanese, Tapas/Small Plates",https://www.yelp.com/biz/table-of-munchies-christchurch?osq=Restaurant
table-of-munchies-christchurch,Table of Munchies,5.0,1,,"Chinese, Japanese, Tapas/Small Plates",https://www.yelp.com/biz/table-of-munchies-christchurch?osq=Restaurant
vwJVdHo5JT633fRbzN9BpA,Morrell & Co,4.4,5,$$,"Bars, New Zealand",https://www.yelp.com/biz/morrell-and-co-christchurch?osq=Restaurant
morrell-and-co-christchurch,Morrell & Co,4.4,5,$$,"Bars, New Zealand",https://www.yelp.com/biz/morrell-and-co-christchurch?osq=Restaurant
eO9nBCnuGRbmgqH-BsO6zQ,Bloody Mary’s,4.2,16,,"Bars, Steakhouses",https://www.yelp.com/biz/bloody-marys-christchurch?osq=Restaurant
bloody-marys-christchurch,Bloody Mary’s,4.2,16,,"Bars, Steakhouses",https://www.yelp.com/biz/bloody-marys-christchurch?osq=Restaurant
VWaIKdFB-Y0wfNn0EyLk3g,Rogues of Rotherham,5.0,1,,"Pizza, Breakfast & Brunch",https://www.yelp.com/biz/rogues-of-rotherham-christchurch?osq=Restaurant
rogues-of-rotherham-christchurch,Rogues of Rotherham,5.0,1,,"Pizza, Breakfast & Brunch",https://www.yelp.com/biz/rogues-of-rotherham-christchurch?osq=Restaurant
BSHdYzRKE3G-rcoxu2Xdeg,Orleans,4.0,20,$,"Bars, Cajun/Creole",https://www.yelp.com/biz/orleans-christchurch?osq=Restaurant
orleans-christchurch,Orleans,4.0,20,$,"Bars, Cajun/Creole",https://www.yelp.com/biz/orleans-christchurch?osq=Restaurant
Gef6Rxh6IVyFxI7sAE_jyQ,The Twisted Hop,4.3,4,$$$,"Pubs, Gastropubs",https://www.yelp.com/biz/the-twisted-hop-christchurch-2?osq=Restaurant
the-twisted-hop-christchurch-2,The Twisted Hop,4.3,4,$$$,"Pubs, Gastropubs",https://www.yelp.com/biz/the-twisted-hop-christchurch-2?osq=Restaurant
zHk2a3tQdyldANFOeqjR1A,Amazonita,4.1,10,,Mediterranean,https://www.yelp.com/biz/amazonita-christchurch?osq=Restaurant
amazonita-christchurch,Amazonita,4.1,10,,Mediterranean,https://www.yelp.com/biz/amazonita-christchurch?osq=Restaurant
o7caz3L5WXwMpwe2xKVoUg,Portershed,5.0,3,,Cafes,https://www.yelp.com/biz/portershed-christchurch?osq=Restaurant
portershed-christchurch,Portershed,5.0,3,,Cafes,https://www.yelp.com/biz/portershed-christchurch?osq=Restaurant
k8Mb_MTwj5GwaUpvr7JYPQ,Eightgrains Dumpling,4.8,5,,Asian Fusion,https://www.yelp.com/biz/eightgrains-dumpling-christchurch?osq=Restaurant
eightgrains-dumpling-christchurch,Eightgrains Dumpling,4.8,5,,Asian Fusion,https://www.yelp.com/biz/eightgrains-dumpling-christchurch?osq=Restaurant
kud25fjWBg069KO30hRyEg,The Caffeine Laboratory,4.9,10,$$,"Cafes, Breakfast & Brunch",https://www.yelp.com/biz/the-caffeine-laboratory-christchurch-central-city?osq=Restaurant
the-caffeine-laboratory-christchurch-central-city,The Caffeine Laboratory,4.9,10,$$,"Cafes, Breakfast & Brunch",https://www.yelp.com/biz/the-caffeine-laboratory-christchurch-central-city?osq=Restaurant
RDYakuJC8b6R_BWPDAGd4g,Bacon Brothers,4.3,23,$,"Breakfast & Brunch, Beer Bar, Burgers",https://www.yelp.com/biz/bacon-brothers-christchurch?osq=Restaurant
bacon-brothers-christchurch,Bacon Brothers,4.3,23,$,"Breakfast & Brunch, Beer Bar, Burgers",https://www.yelp.com/biz/bacon-brothers-christchurch?osq=Restaurant
hUT36UQ0V1mCat9w-zNAaA,Thai Orchid Restaurant,4.5,17,$$,Thai,https://www.yelp.com/biz/thai-orchid-restaurant-christchurch?osq=Restaurant
thai-orchid-restaurant-christchurch,Thai Orchid Restaurant,4.5,17,$$,Thai,https://www.yelp.com/biz/thai-orchid-restaurant-christchurch?osq=Restaurant
CT29E7YU7tvaeul6aYM5wg,Cook’n’ With Gas,4.5,8,$$$,New Zealand,https://www.yelp.com/biz/cookn-with-gas-christchurch?osq=Restaurant
cookn-with-gas-christchurch,Cook’n’ With Gas,4.5,8,$$$,New Zealand,https://www.yelp.com/biz/cookn-with-gas-christchurch?osq=Restaurant
2TzGPmG4yBeDRocW_QERMg,Strawberry Fare,4.2,40,$$,"Desserts, Coffee & Tea, Breakfast & Brunch",https://www.yelp.com/biz/strawberry-fare-christchurch?osq=Restaurant
strawberry-fare-christchurch,Strawberry Fare,4.2,40,$$,"Desserts, Coffee & Tea, Breakfast & Brunch",https://www.yelp.com/biz/strawberry-fare-christchurch?osq=Restaurant
C7s7iDizh68vE4Kn1eh9RA,Mexico Christchurch,3.9,25,$,"Bars, Mexican",https://www.yelp.com/biz/mexico-christchurch-christchurch?osq=Restaurant
mexico-christchurch-christchurch,Mexico Christchurch,3.9,25,$,"Bars, Mexican",https://www.yelp.com/biz/mexico-christchurch-christchurch?osq=Restaurant
w1zcrXh4xlBPHf7g60CEMA,Hello Vietnam Restaurant,4.8,8,,Vietnamese,https://www.yelp.com/biz/hello-vietnam-restaurant-christchurch?osq=Restaurant
hello-vietnam-restaurant-christchurch,Hello Vietnam Restaurant,4.8,8,,Vietnamese,https://www.yelp.com/biz/hello-vietnam-restaurant-christchurch?osq=Restaurant
E8RsUmgncOG_utWhxgkm0A,Fresco Fisheries,5.0,3,,"Seafood, Fish & Chips",https://www.yelp.com/biz/fresco-fisheries-christchurch-2?osq=Restaurant
fresco-fisheries-christchurch-2,Fresco Fisheries,5.0,3,,"Seafood, Fish & Chips",https://www.yelp.com/biz/fresco-fisheries-christchurch-2?osq=Restaurant
40qFEh3nrG05hSf394eiKg,Noodle Union,5.0,1,,"Fast Food, Chinese",https://www.yelp.com/biz/noodle-union-christchurch?osq=Restaurant
noodle-union-christchurch,Noodle Union,5.0,1,,"Fast Food, Chinese",https://www.yelp.com/biz/noodle-union-christchurch?osq=Restaurant
UUyFkpQLsU8XUa-2ifN2bw,North and South Gourmet,3.9,8,,Chinese,https://www.yelp.com/biz/north-and-south-gourmet-christchurch?osq=Restaurant
north-and-south-gourmet-christchurch,North and South Gourmet,3.9,8,,Chinese,https://www.yelp.com/biz/north-and-south-gourmet-christchurch?osq=Restaurant
mdyMvYRK4Gf3XMMIdDmDSQ,Gourmet Seafoods Shirley,5.0,1,,"Seafood, Fish & Chips",https://www.yelp.com/biz/gourmet-seafoods-shirley-christchurch?osq=Restaurant
gourmet-seafoods-shirley-christchurch,Gourmet Seafoods Shirley,5.0,1,,"Seafood, Fish & Chips",https://www.yelp.com/biz/gourmet-seafoods-shirley-christchurch?osq=Restaurant
TAA14DpgRjehtSdK6L0oxA,CHILLIKIWI,5.0,2,,Thai,https://www.yelp.com/biz/chillikiwi-christchurch?osq=Restaurant
chillikiwi-christchurch,CHILLIKIWI,5.0,2,,Thai,https://www.yelp.com/biz/chillikiwi-christchurch?osq=Restaurant
YT4E4SPXDEgV9s3T8U9OXw,Chillingworth Road,5.0,5,$$$$,"Bars, Bistros, New Zealand",https://www.yelp.com/biz/chillingworth-road-christchurch?osq=Restaurant
chillingworth-road-christchurch,Chillingworth Road,5.0,5,$$$$,"Bars, Bistros, New Zealand",https://www.yelp.com/biz/chillingworth-road-christchurch?osq=Restaurant
734sYfNR8ouVJ13isdXRkg,Mexicano’s,4.1,33,$$,"Cocktail Bars, Mexican, Tapas Bars",https://www.yelp.com/biz/mexicanos-christchurch?osq=Restaurant
mexicanos-christchurch,Mexicano’s,4.1,33,$$,"Cocktail Bars, Mexican, Tapas Bars",https://www.yelp.com/biz/mexicanos-christchurch?osq=Restaurant
GANqQ56MdSx0OM4I_F6xqQ,Styx and Stone,3.8,4,$$,"Pubs, New Zealand",https://www.yelp.com/biz/styx-and-stone-christchurch?osq=Restaurant
styx-and-stone-christchurch,Styx and Stone,3.8,4,$$,"Pubs, New Zealand",https://www.yelp.com/biz/styx-and-stone-christchurch?osq=Restaurant
9XkEpUEa9xipNEMEpXYuAQ,The Afghan Restaurant,5.0,2,,"Afghan, Middle Eastern",https://www.yelp.com/biz/the-afghan-restaurant-christchurch?osq=Restaurant
the-afghan-restaurant-christchurch,The Afghan Restaurant,5.0,2,,"Afghan, Middle Eastern",https://www.yelp.com/biz/the-afghan-restaurant-christchurch?osq=Restaurant
5Z3xtFTz93hTdv9PlnWhCw,Boo Radley’s Food & Liquor,4.3,11,$$$,"Bars, New Zealand, Music Venues",https://www.yelp.com/biz/boo-radleys-food-and-liquor-christchurch?osq=Restaurant
boo-radleys-food-and-liquor-christchurch,Boo Radley’s Food & Liquor,4.3,11,$$$,"Bars, New Zealand, Music Venues",https://www.yelp.com/biz/boo-radleys-food-and-liquor-christchurch?osq=Restaurant
x6l_qG-dtXEPCq5PMOU7ww,The Watershed,4.0,1,$,Gastropubs,https://www.yelp.com/biz/the-watershed-christchurch?osq=Restaurant
the-watershed-christchurch,The Watershed,4.0,1,$,Gastropubs,https://www.yelp.com/biz/the-watershed-christchurch?osq=Restaurant
GAjVnH5R1WaQ9vwd0HZB5g,Madam Woo Christchurch,4.0,1,,"Malaysian, Cocktail Bars, Asian Fusion",https://www.yelp.com/biz/madam-woo-christchurch-christchurch?osq=Restaurant
madam-woo-christchurch-christchurch,Madam Woo Christchurch,4.0,1,,"Malaysian, Cocktail Bars, Asian Fusion",https://www.yelp.com/biz/madam-woo-christchurch-christchurch?osq=Restaurant
0oOnutR7ZbHfdihaxc_JCw,Little Taipei,2.7,3,,Taiwanese,https://www.yelp.com/biz/little-taipei-christchurch?osq=Restaurant
little-taipei-christchurch,Little Taipei,2.7,3,,Taiwanese,https://www.yelp.com/biz/little-taipei-christchurch?osq=Restaurant
KP60RGXHA_HHNNKugiISMw,Lone Star Spitfire,3.6,5,,Restaurants,https://www.yelp.com/biz/lone-star-spitfire-christchurch?osq=Restaurant
lone-star-spitfire-christchurch,Lone Star Spitfire,3.6,5,,Restaurants,https://www.yelp.com/biz/lone-star-spitfire-christchurch?osq=Restaurant
Do7ayiKlaaYwppPZ3CRYWw,Pot Sticker Dumpling Bar,3.9,12,$,Dumplings,https://www.yelp.com/biz/pot-sticker-dumpling-bar-christchurch?osq=Restaurant
pot-sticker-dumpling-bar-christchurch,Pot Sticker Dumpling Bar,3.9,12,$,Dumplings,https://www.yelp.com/biz/pot-sticker-dumpling-bar-christchurch?osq=Restaurant
uQIitI1Zd4Q7PT2z4Oj8rg,Black Betty,4.2,44,$$,"Coffee & Tea, Breakfast & Brunch",https://www.yelp.com/biz/black-betty-christchurch?osq=Restaurant
black-betty-christchurch,Black Betty,4.2,44,$$,"Coffee & Tea, Breakfast & Brunch",https://www.yelp.com/biz/black-betty-christchurch?osq=Restaurant
93shri_Gtjwcex0hbo1B5Q,Hello Sunday,4.6,11,$$,Cafes,https://www.yelp.com/biz/hello-sunday-christchurch?osq=Restaurant
hello-sunday-christchurch,Hello Sunday,4.6,11,$$,Cafes,https://www.yelp.com/biz/hello-sunday-christchurch?osq=Restaurant
CQyR-wGThQH_iJQEWRR4KA,Mumbaiwala,4.5,25,$$,Indian,https://www.yelp.com/biz/mumbaiwala-christchurch?osq=Restaurant
mumbaiwala-christchurch,Mumbaiwala,4.5,25,$$,Indian,https://www.yelp.com/biz/mumbaiwala-christchurch?osq=Restaurant
qF1gfwEOLyZ_Rd79p5V-tw,The Pedal Pusher,3.4,5,$$$,"Burgers, Modern European, Gastropubs",https://www.yelp.com/biz/the-pedal-pusher-christchurch?osq=Restaurant
the-pedal-pusher-christchurch,The Pedal Pusher,3.4,5,$$$,"Burgers, Modern European, Gastropubs",https://www.yelp.com/biz/the-pedal-pusher-christchurch?osq=Restaurant
OLJuq1r91YP4DCbdeOlZ2w,Dux Central,3.8,4,$$,"Bars, New Zealand",https://www.yelp.com/biz/dux-central-christchurch?osq=Restaurant
dux-central-christchurch,Dux Central,3.8,4,$$,"Bars, New Zealand",https://www.yelp.com/biz/dux-central-christchurch?osq=Restaurant
1wLci-cE9jgGswOs16LSmg,Inati,4.5,11,,New Zealand,https://www.yelp.com/biz/inati-christchurch?osq=Restaurant
inati-christchurch,Inati,4.5,11,,New Zealand,https://www.yelp.com/biz/inati-christchurch?osq=Restaurant
nCARbbvdnfXT82QCTE4igA,Rangoon Ruby,4.6,5,,Burmese,https://www.yelp.com/biz/rangoon-ruby-christchurch?osq=Restaurant
rangoon-ruby-christchurch,Rangoon Ruby,4.6,5,,Burmese,https://www.yelp.com/biz/rangoon-ruby-christchurch?osq=Restaurant
MWnLwbV6tyBEj1LCd15lAQ,Hachi Hachi,3.8,11,$$,Japanese,https://www.yelp.com/biz/hachi-hachi-christchurch-2?osq=Restaurant
hachi-hachi-christchurch-2,Hachi Hachi,3.8,11,$$,Japanese,https://www.yelp.com/biz/hachi-hachi-christchurch-2?osq=Restaurant
iuEZxsQtQuMAzrvhh7bOzA,Terrace Tavern,3.6,7,,"Bars, New Zealand",https://www.yelp.com/biz/terrace-tavern-christchurch?osq=Restaurant
terrace-tavern-christchurch,Terrace Tavern,3.6,7,,"Bars, New Zealand",https://www.yelp.com/biz/terrace-tavern-christchurch?osq=Restaurant
cyUUUwlfzfH7rf6PjyAdnw,Lone Star,3.5,4,$$,"American, Steakhouses",https://www.yelp.com/biz/lone-star-canterbury?osq=Restaurant
lone-star-canterbury,Lone Star,3.5,4,$$,"American, Steakhouses",https://www.yelp.com/biz/lone-star-canterbury?osq=Restaurant
rG0AQzAmHegLfsjYI7SCxQ,Leinster Road Bistro,5.0,1,,Bistros,https://www.yelp.com/biz/leinster-road-bistro-christchurch?osq=Restaurant
leinster-road-bistro-christchurch,Leinster Road Bistro,5.0,1,,Bistros,https://www.yelp.com/biz/leinster-road-bistro-christchurch?osq=Restaurant
aJK8YF7vSpbFhnUG2MTtmw,Dimitris Greek Food,4.6,11,$,Greek,https://www.yelp.com/biz/dimitris-greek-food-christchurch?osq=Restaurant
dimitris-greek-food-christchurch,Dimitris Greek Food,4.6,11,$,Greek,https://www.yelp.com/biz/dimitris-greek-food-christchurch?osq=Restaurant
2f3p57z25aSLljU0rPBS5w,Monster Chicken,2.3,4,,"Korean, Chicken Shop",https://www.yelp.com/biz/monster-chicken-christchurch?osq=Restaurant
monster-chicken-christchurch,Monster Chicken,2.3,4,,"Korean, Chicken Shop",https://www.yelp.com/biz/monster-chicken-christchurch?osq=Restaurant
KMk24H490LRTL8M63rMAhw,Zen,5.0,2,,Sushi Bars,https://www.yelp.com/biz/zen-christchurch?osq=Restaurant
zen-christchurch,Zen,5.0,2,,Sushi Bars,https://www.yelp.com/biz/zen-christchurch?osq=Restaurant
iJmWnVZi0t1d-Y_7eR4LZQ,The Nook Eatery,3.8,6,,Thai,https://www.yelp.com/biz/the-nook-eatery-christchurch?osq=Restaurant
the-nook-eatery-christchurch,The Nook Eatery,3.8,6,,Thai,https://www.yelp.com/biz/the-nook-eatery-christchurch?osq=Restaurant
6xwZXfzXRALKHrVg13aN8A,Tutto Bene,3.4,16,$$,"Pizza, Italian, Diners",https://www.yelp.com/biz/tutto-bene-christchurch?osq=Restaurant
tutto-bene-christchurch,Tutto Bene,3.4,16,$$,"Pizza, Italian, Diners",https://www.yelp.com/biz/tutto-bene-christchurch?osq=Restaurant
Gofla76eB2GLX89HM4H4gw,Tudor’s Restaurant and Bar,4.5,2,$$$,New Zealand,https://www.yelp.com/biz/tudors-restaurant-and-bar-christchurch?osq=Restaurant
tudors-restaurant-and-bar-christchurch,Tudor’s Restaurant and Bar,4.5,2,$$$,New Zealand,https://www.yelp.com/biz/tudors-restaurant-and-bar-christchurch?osq=Restaurant
ef_7yuIopviUy9-elYfJpQ,Fisherman’s Wharf,4.0,6,,Seafood,https://www.yelp.com/biz/fishermans-wharf-lyttelton?osq=Restaurant
fishermans-wharf-lyttelton,Fisherman’s Wharf,4.0,6,,Seafood,https://www.yelp.com/biz/fishermans-wharf-lyttelton?osq=Restaurant
ZMIUHjkp5PyG2JumFrd7yw,Reality Bites,5.0,1,,"Breakfast & Brunch, Coffee & Tea, Venues & Event Spaces",https://www.yelp.com/biz/reality-bites-christchurch?osq=Restaurant
reality-bites-christchurch,Reality Bites,5.0,1,,"Breakfast & Brunch, Coffee & Tea, Venues & Event Spaces",https://www.yelp.com/biz/reality-bites-christchurch?osq=Restaurant
NuHEp5Y1O_vUxurmwpze5Q,The Lotus-Heart Vegetarian Restaurant,5.0,10,$$,Vegetarian,https://www.yelp.com/biz/the-lotus-heart-vegetarian-restaurant-christchurch?osq=Restaurant
the-lotus-heart-vegetarian-restaurant-christchurch,The Lotus-Heart Vegetarian Restaurant,5.0,10,$$,Vegetarian,https://www.yelp.com/biz/the-lotus-heart-vegetarian-restaurant-christchurch?osq=Restaurant
xhFfN6-ku8BxZQDyQtLfkA,Mexicali Fresh,4.8,4,,Mexican,https://www.yelp.com/biz/mexicali-fresh-christchurch-2?osq=Restaurant
mexicali-fresh-christchurch-2,Mexicali Fresh,4.8,4,,Mexican,https://www.yelp.com/biz/mexicali-fresh-christchurch-2?osq=Restaurant
8aH7vwGkKmW0PV8WOHwtkA,Chiwahwah Mexican Cantina Bar,4.5,4,,"Mexican, Wine Bars, Cocktail Bars",https://www.yelp.com/biz/chiwahwah-mexican-cantina-bar-christchurch-2?osq=Restaurant
chiwahwah-mexican-cantina-bar-christchurch-2,Chiwahwah Mexican Cantina Bar,4.5,4,,"Mexican, Wine Bars, Cocktail Bars",https://www.yelp.com/biz/chiwahwah-mexican-cantina-bar-christchurch-2?osq=Restaurant
P2P8FWaaFzIpavWHF4S89g,Cafe Valentino,4.5,10,$$,Cafes,https://www.yelp.com/biz/cafe-valentino-christchurch-2?osq=Restaurant
cafe-valentino-christchurch-2,Cafe Valentino,4.5,10,$$,Cafes,https://www.yelp.com/biz/cafe-valentino-christchurch-2?osq=Restaurant
Oh-4v3GNiPxpMK7hatNhbA,Tiki Taco,5.0,1,$,"Mexican, Food Trucks",https://www.yelp.com/biz/tiki-taco-christchurch?osq=Restaurant
tiki-taco-christchurch,Tiki Taco,5.0,1,$,"Mexican, Food Trucks",https://www.yelp.com/biz/tiki-taco-christchurch?osq=Restaurant
JXG6tLWNHHSykck2JXuC3g,BurgerFuel Spitfire Square,4.5,4,$$,"Burgers, Fast Food",https://www.yelp.com/biz/burgerfuel-spitfire-square-christchurch?osq=Restaurant
burgerfuel-spitfire-square-christchurch,BurgerFuel Spitfire Square,4.5,4,$$,"Burgers, Fast Food",https://www.yelp.com/biz/burgerfuel-spitfire-square-christchurch?osq=Restaurant
jQpxVmSuo1zF8CiBAaKCUw,Rose Cafe,4.5,2,,"Antiques, Cafes",https://www.yelp.com/biz/rose-cafe-christchurch?osq=Restaurant
rose-cafe-christchurch,Rose Cafe,4.5,2,,"Antiques, Cafes",https://www.yelp.com/biz/rose-cafe-christchurch?osq=Restaurant
IM8m-z1qhIxKQLWJuBGCwg,St Germain,4.0,3,$$$,French,https://www.yelp.com/biz/st-germain-christchurch?osq=Restaurant
st-germain-christchurch,St Germain,4.0,3,$$$,French,https://www.yelp.com/biz/st-germain-christchurch?osq=Restaurant
DS4o6Xq0335EjceFQJ6adg,Zaffron,4.7,3,,"Vietnamese, Thai",https://www.yelp.com/biz/zaffron-christchurch?osq=Restaurant
zaffron-christchurch,Zaffron,4.7,3,,"Vietnamese, Thai",https://www.yelp.com/biz/zaffron-christchurch?osq=Restaurant
XSJTLyGLOvehTV9lFQmqhA,Kinji Japanese Restaurant,4.5,6,$$$,Japanese,https://www.yelp.com/biz/kinji-japanese-restaurant-christchurch?osq=Restaurant
kinji-japanese-restaurant-christchurch,Kinji Japanese Restaurant,4.5,6,$$$,Japanese,https://www.yelp.com/biz/kinji-japanese-restaurant-christchurch?osq=Restaurant
wYiiSJ8D-B0sFHcA-ioWqg,Thai Container,4.0,10,$$,Thai,https://www.yelp.com/biz/thai-container-christchurch?osq=Restaurant
thai-container-christchurch,Thai Container,4.0,10,$$,Thai,https://www.yelp.com/biz/thai-container-christchurch?osq=Restaurant
5aSFsf5QbevEYxH3KTkRKA,Amaterrace Teppanyaki,4.0,2,,Teppanyaki,https://www.yelp.com/biz/amaterrace-teppanyaki-christchurch?osq=Restaurant
amaterrace-teppanyaki-christchurch,Amaterrace Teppanyaki,4.0,2,,Teppanyaki,https://www.yelp.com/biz/amaterrace-teppanyaki-christchurch?osq=Restaurant
NbKSaN-diw8E4S2ub2hXsQ,Aroy Thai Restaurant,5.0,2,,Restaurants,https://www.yelp.com/biz/aroy-thai-restaurant-christchurch?osq=Restaurant
aroy-thai-restaurant-christchurch,Aroy Thai Restaurant,5.0,2,,Restaurants,https://www.yelp.com/biz/aroy-thai-restaurant-christchurch?osq=Restaurant
o0io1bT7fN4rsam461_j_g,Fox & Ferret Public Ale House,4.0,1,,New Zealand,https://www.yelp.com/biz/fox-and-ferret-public-ale-house-christchurch?osq=Restaurant
fox-and-ferret-public-ale-house-christchurch,Fox & Ferret Public Ale House,4.0,1,,New Zealand,https://www.yelp.com/biz/fox-and-ferret-public-ale-house-christchurch?osq=Restaurant
im25Oy9g8lXb8UHGKErYiQ,Spice Paragon,3.8,5,,Thai,https://www.yelp.com/biz/spice-paragon-christchurch-central?osq=Restaurant
spice-paragon-christchurch-central,Spice Paragon,3.8,5,,Thai,https://www.yelp.com/biz/spice-paragon-christchurch-central?osq=Restaurant
xY8ObYwNWUGknGmZNSvBXQ,Prince of Persia,4.0,1,$$,"Persian/Iranian, Afghan",https://www.yelp.com/biz/prince-of-persia-christchurch?osq=Restaurant
prince-of-persia-christchurch,Prince of Persia,4.0,1,$$,"Persian/Iranian, Afghan",https://www.yelp.com/biz/prince-of-persia-christchurch?osq=Restaurant
8cLo6GpxDnMZL_m9CZHLQQ,Little Poms,4.7,7,,Cafes,https://www.yelp.com/biz/little-poms-christchurch?osq=Restaurant
little-poms-christchurch,Little Poms,4.7,7,,Cafes,https://www.yelp.com/biz/little-poms-christchurch?osq=Restaurant
P1H0yDrQu_AvSSzg-VA_Tg,Chong’s Chinese Restaurant,3.4,7,,Chinese,https://www.yelp.com/biz/chongs-chinese-restaurant-christchurch?osq=Restaurant
chongs-chinese-restaurant-christchurch,Chong’s Chinese Restaurant,3.4,7,,Chinese,https://www.yelp.com/biz/chongs-chinese-restaurant-christchurch?osq=Restaurant
tNR2T_6WDkyJ-JKmZRhX5A,Original Sin,3.3,3,,"Bars, Modern European, New Zealand",https://www.yelp.com/biz/original-sin-christchurch?osq=Restaurant
original-sin-christchurch,Original Sin,3.3,3,,"Bars, Modern European, New Zealand",https://www.yelp.com/biz/original-sin-christchurch?osq=Restaurant
E1KZg_8jIU8K8ssOfMf4WQ,Casa Nostra Italian Kitchen,4.5,2,,"Pizza, Italian",https://www.yelp.com/biz/casa-nostra-italian-kitchen-christchurch?osq=Restaurant
casa-nostra-italian-kitchen-christchurch,Casa Nostra Italian Kitchen,4.5,2,,"Pizza, Italian",https://www.yelp.com/biz/casa-nostra-italian-kitchen-christchurch?osq=Restaurant
7LpEQNgWW7HQpW_OEqtHZA,Mamacita’s,4.5,2,$,"Mexican, Food Stands",https://www.yelp.com/biz/mamacitas-christchurch?osq=Restaurant
mamacitas-christchurch,Mamacita’s,4.5,2,$,"Mexican, Food Stands",https://www.yelp.com/biz/mamacitas-christchurch?osq=Restaurant
ruNgQ0yW2ZO8ljpUORLXhA,Passengers & Co,5.0,1,,"Diners, Breakfast & Brunch, Cafes",https://www.yelp.com/biz/passengers-and-co-christchurch?osq=Restaurant
passengers-and-co-christchurch,Passengers & Co,5.0,1,,"Diners, Breakfast & Brunch, Cafes",https://www.yelp.com/biz/passengers-and-co-christchurch?osq=Restaurant
XQIYjTHg6Sa_rbvQMnd0Hw,Mum’s,3.6,7,$$,"Japanese, Korean",https://www.yelp.com/biz/mums-christchurch?osq=Restaurant
mums-christchurch,Mum’s,3.6,7,$$,"Japanese, Korean",https://www.yelp.com/biz/mums-christchurch?osq=Restaurant
Vv9KpLdzEyrUS9XO5n2Bhw,Pier Side Cafe,3.0,1,,"Burgers, Gastropubs, Fish & Chips",https://www.yelp.com/biz/pier-side-cafe-christchurch?osq=Restaurant
pier-side-cafe-christchurch,Pier Side Cafe,3.0,1,,"Burgers, Gastropubs, Fish & Chips",https://www.yelp.com/biz/pier-side-cafe-christchurch?osq=Restaurant
PvLqDBhfAJOlfGxXwKhepA,Dose Diner,4.2,6,$$,"Coffee & Tea, Breakfast & Brunch",https://www.yelp.com/biz/dose-diner-christchurch?osq=Restaurant
dose-diner-christchurch,Dose Diner,4.2,6,$$,"Coffee & Tea, Breakfast & Brunch",https://www.yelp.com/biz/dose-diner-christchurch?osq=Restaurant
0EKaDtcp6hbLV43t88bGnw,Velvet Burger,3.8,5,$$,Burgers,https://www.yelp.com/biz/velvet-burger-christchurch?osq=Restaurant
velvet-burger-christchurch,Velvet Burger,3.8,5,$$,Burgers,https://www.yelp.com/biz/velvet-burger-christchurch?osq=Restaurant
8_ME-_vppOTzeKu-xDswEg,Trevinos,3.7,7,,"Breakfast & Brunch, Bars",https://www.yelp.com/biz/trevinos-christchurch?osq=Restaurant
trevinos-christchurch,Trevinos,3.7,7,,"Breakfast & Brunch, Bars",https://www.yelp.com/biz/trevinos-christchurch?osq=Restaurant
5LyyTx5wd2cYtZTGwHugRg,Gatherings,5.0,3,,"Wine Bars, New Zealand",https://www.yelp.com/biz/gatherings-christchurch?osq=Restaurant
gatherings-christchurch,Gatherings,5.0,3,,"Wine Bars, New Zealand",https://www.yelp.com/biz/gatherings-christchurch?osq=Restaurant
M80xGBCVqm2FeFQHSluz0A,Saigon Star,5.0,1,,Vietnamese,https://www.yelp.com/biz/saigon-star-christchurch?osq=Restaurant
saigon-star-christchurch,Saigon Star,5.0,1,,Vietnamese,https://www.yelp.com/biz/saigon-star-christchurch?osq=Restaurant
ExhoAsL1U36BpSUfm3BcKQ,Lyttleton Coffee Company,4.3,10,$$,Cafes,https://www.yelp.com/biz/lyttleton-coffee-company-lyttelton?osq=Restaurant
lyttleton-coffee-company-lyttelton,Lyttleton Coffee Company,4.3,10,$$,Cafes,https://www.yelp.com/biz/lyttleton-coffee-company-lyttelton?osq=Restaurant
ZVYKvu_01xFMlg1q1dwz7A,Samurai Bowl,3.8,6,$$,Japanese,https://www.yelp.com/biz/samurai-bowl-christchurch?osq=Restaurant
samurai-bowl-christchurch,Samurai Bowl,3.8,6,$$,Japanese,https://www.yelp.com/biz/samurai-bowl-christchurch?osq=Restaurant
hCHZU4sUxjSiH3GaJ3A_iQ,Winnie Bagoes,3.3,6,$$,Pizza,https://www.yelp.com/biz/winnie-bagoes-christchurch-4?osq=Restaurant
winnie-bagoes-christchurch-4,Winnie Bagoes,3.3,6,$$,Pizza,https://www.yelp.com/biz/winnie-bagoes-christchurch-4?osq=Restaurant
sJe7OClizoT5ImAiaYzgUA,Edo Japanese Restaurant,5.0,1,,"Japanese, Sushi Bars",https://www.yelp.com/biz/edo-japanese-restaurant-christchurch?osq=Restaurant
edo-japanese-restaurant-christchurch,Edo Japanese Restaurant,5.0,1,,"Japanese, Sushi Bars",https://www.yelp.com/biz/edo-japanese-restaurant-christchurch?osq=Restaurant
iBPvtWLgbUFgPfeiGJqylA,NomNom Kitchen,4.5,2,,Asian Fusion,https://www.yelp.com/biz/nomnom-kitchen-christchurch?osq=Restaurant
nomnom-kitchen-christchurch,NomNom Kitchen,4.5,2,,Asian Fusion,https://www.yelp.com/biz/nomnom-kitchen-christchurch?osq=Restaurant
XhFWHZ-7HH5RgUWy3qWJQQ,ChiChi Kitchen,3.8,4,,Italian,https://www.yelp.com/biz/chichi-kitchen-christchurch?osq=Restaurant
chichi-kitchen-christchurch,ChiChi Kitchen,3.8,4,,Italian,https://www.yelp.com/biz/chichi-kitchen-christchurch?osq=Restaurant
fDMpiVDduvfL5ZH-CTSZLw,Pescatore,3.5,2,,Restaurants,https://www.yelp.com/biz/pescatore-christchurch?osq=Restaurant
pescatore-christchurch,Pescatore,3.5,2,,Restaurants,https://www.yelp.com/biz/pescatore-christchurch?osq=Restaurant
Bonsa2BwNhdqFWVmrn1Rag,Abalone Thai Restaurant,4.0,4,,Thai,https://www.yelp.com/biz/abalone-thai-restaurant-christchurch-city?osq=Restaurant
abalone-thai-restaurant-christchurch-city,Abalone Thai Restaurant,4.0,4,,Thai,https://www.yelp.com/biz/abalone-thai-restaurant-christchurch-city?osq=Restaurant
QXQ0xt8UfMrbGaHPZWx4xg,Crisp Cafe & Gifts,4.0,1,,"Cafes, Gift Shops",https://www.yelp.com/biz/crisp-cafe-and-gifts-christchurch?osq=Restaurant
crisp-cafe-and-gifts-christchurch,Crisp Cafe & Gifts,4.0,1,,"Cafes, Gift Shops",https://www.yelp.com/biz/crisp-cafe-and-gifts-christchurch?osq=Restaurant
eAjfzMJqab5V_f-AxwIABw,Hells Pizza,4.5,4,$$,"Italian, Pizza",https://www.yelp.com/biz/hells-pizza-christchurch?osq=Restaurant
hells-pizza-christchurch,Hells Pizza,4.5,4,$$,"Italian, Pizza",https://www.yelp.com/biz/hells-pizza-christchurch?osq=Restaurant
lQggXAVM3C0zaRlPlkkr2Q,Buddha Stix,2.7,3,$$,Thai,https://www.yelp.com/biz/buddha-stix-christchurch?osq=Restaurant
buddha-stix-christchurch,Buddha Stix,2.7,3,$$,Thai,https://www.yelp.com/biz/buddha-stix-christchurch?osq=Restaurant
3SGm_b79hqJRgsWayAukxA,Arjee Bhajee,4.5,2,,Indian,https://www.yelp.com/biz/arjee-bhajee-christchurch-2?osq=Restaurant
arjee-bhajee-christchurch-2,Arjee Bhajee,4.5,2,,Indian,https://www.yelp.com/biz/arjee-bhajee-christchurch-2?osq=Restaurant
F2QRKkSyzU3cVgeRpnJ2LQ,Malaysia Delights,3.0,1,$,Malaysian,https://www.yelp.com/biz/malaysia-delights-christchurch-4?osq=Restaurant
malaysia-delights-christchurch-4,Malaysia Delights,3.0,1,$,Malaysian,https://www.yelp.com/biz/malaysia-delights-christchurch-4?osq=Restaurant
coPUg-Vv3sL9wAQgYzkcXA,Harrington’s - Belfast,3.0,1,,"New Zealand, Cafes",https://www.yelp.com/biz/harringtons-belfast-christchurch?osq=Restaurant
harringtons-belfast-christchurch,Harrington’s - Belfast,3.0,1,,"New Zealand, Cafes",https://www.yelp.com/biz/harringtons-belfast-christchurch?osq=Restaurant
GVkZdNpvxtrt8l91AVB1kQ,The Birdwood,4.0,1,,"Pizza, Juice Bars & Smoothies, Breakfast & Brunch",https://www.yelp.com/biz/the-birdwood-beckenham?osq=Restaurant
the-birdwood-beckenham,The Birdwood,4.0,1,,"Pizza, Juice Bars & Smoothies, Breakfast & Brunch",https://www.yelp.com/biz/the-birdwood-beckenham?osq=Restaurant
x4dytNcJ7SFq1w06cj16TQ,Sushi Soldier,4.7,3,,Sushi Bars,https://www.yelp.com/biz/sushi-soldier-christchurch?osq=Restaurant
sushi-soldier-christchurch,Sushi Soldier,4.7,3,,Sushi Bars,https://www.yelp.com/biz/sushi-soldier-christchurch?osq=Restaurant
ITZQKPNxwdejvfeCZ6qgcA,Cleaver and Co,4.0,1,,"Barbeque, Bars",https://www.yelp.com/biz/cleaver-and-co-christchurch?osq=Restaurant
cleaver-and-co-christchurch,Cleaver and Co,4.0,1,,"Barbeque, Bars",https://www.yelp.com/biz/cleaver-and-co-christchurch?osq=Restaurant
VZbS6ZWxQIpwOom6GcvmDA,Universo Brasserie & Bar,3.8,4,,"Bars, Brasseries",https://www.yelp.com/biz/universo-brasserie-and-bar-christchurch?osq=Restaurant
universo-brasserie-and-bar-christchurch,Universo Brasserie & Bar,3.8,4,,"Bars, Brasseries",https://www.yelp.com/biz/universo-brasserie-and-bar-christchurch?osq=Restaurant
fhJxwPCg0l8_EqJqzYn8wg,Little India,4.4,7,,Indian,https://www.yelp.com/biz/little-india-christchurch-2?osq=Restaurant
little-india-christchurch-2,Little India,4.4,7,,Indian,https://www.yelp.com/biz/little-india-christchurch-2?osq=Restaurant
6B9yZJpqJHewADcoOPhrmA,Great Wall Restaurant,3.0,1,,Szechuan,https://www.yelp.com/biz/great-wall-restaurant-christchurch?osq=Restaurant
great-wall-restaurant-christchurch,Great Wall Restaurant,3.0,1,,Szechuan,https://www.yelp.com/biz/great-wall-restaurant-christchurch?osq=Restaurant
gomMS8QWtYWBF3IWSMII_g,Johnny Sausage,5.0,1,,"Bagels, Pizza, Beer Bar",https://www.yelp.com/biz/johnny-sausage-christchurch?osq=Restaurant
johnny-sausage-christchurch,Johnny Sausage,5.0,1,,"Bagels, Pizza, Beer Bar",https://www.yelp.com/biz/johnny-sausage-christchurch?osq=Restaurant
LceHmZ1Z2pCl1WrVnVNptA,Fox & Ferret Public Ale House,2.6,8,,New Zealand,https://www.yelp.com/biz/fox-and-ferret-public-ale-house-christchurch-2?osq=Restaurant
fox-and-ferret-public-ale-house-christchurch-2,Fox & Ferret Public Ale House,2.6,8,,New Zealand,https://www.yelp.com/biz/fox-and-ferret-public-ale-house-christchurch-2?osq=Restaurant
fceiTC-97L1lg6Cz8oa7CQ,The Rockpool,3.3,4,,"Diners, Breakfast & Brunch, Pizza",https://www.yelp.com/biz/the-rockpool-christchurch?osq=Restaurant
the-rockpool-christchurch,The Rockpool,3.3,4,,"Diners, Breakfast & Brunch, Pizza",https://www.yelp.com/biz/the-rockpool-christchurch?osq=Restaurant
o4gNSlz3y_9GjtGxlT_6Cg,Costas Taverna Greek Restaurant and Ouzo Bar,3.5,2,,"Bars, Greek",https://www.yelp.com/biz/costas-taverna-greek-restaurant-and-ouzo-bar-christchurch-2?osq=Restaurant
costas-taverna-greek-restaurant-and-ouzo-bar-christchurch-2,Costas Taverna Greek Restaurant and Ouzo Bar,3.5,2,,"Bars, Greek",https://www.yelp.com/biz/costas-taverna-greek-restaurant-and-ouzo-bar-christchurch-2?osq=Restaurant
WKqUbfkvHIwCThBWVuBtXA,Madam Kwong’s Restaurant,1.5,2,,Cantonese,https://www.yelp.com/biz/madam-kwongs-restaurant-christchurch?osq=Restaurant
madam-kwongs-restaurant-christchurch,Madam Kwong’s Restaurant,1.5,2,,Cantonese,https://www.yelp.com/biz/madam-kwongs-restaurant-christchurch?osq=Restaurant
W3bRohV8kGbiTAWLMu9SUw,Hachi Hachi,3.2,5,,"Japanese, Sushi Bars, Noodles",https://www.yelp.com/biz/hachi-hachi-christchurch-3?osq=Restaurant
hachi-hachi-christchurch-3,Hachi Hachi,3.2,5,,"Japanese, Sushi Bars, Noodles",https://www.yelp.com/biz/hachi-hachi-christchurch-3?osq=Restaurant
FGl6yyXDjbx59y16pP0EUQ,Taste Of Egypt,5.0,1,,"Greek, Middle Eastern, Kebab",https://www.yelp.com/biz/taste-of-egypt-christchurch?osq=Restaurant
taste-of-egypt-christchurch,Taste Of Egypt,5.0,1,,"Greek, Middle Eastern, Kebab",https://www.yelp.com/biz/taste-of-egypt-christchurch?osq=Restaurant
YrmrG9dof2wD2U7KWZoYeA,Boteco Cafe & Bar,5.0,2,,"Mediterranean, Tapas Bars",https://www.yelp.com/biz/boteco-cafe-and-bar-christchurch?osq=Restaurant
boteco-cafe-and-bar-christchurch,Boteco Cafe & Bar,5.0,2,,"Mediterranean, Tapas Bars",https://www.yelp.com/biz/boteco-cafe-and-bar-christchurch?osq=Restaurant
vG7Bx-lV2eAmp1_AgjcWuA,Benson Chinese Restaurant,3.0,2,,"Chinese, Seafood, Noodles",https://www.yelp.com/biz/benson-chinese-restaurant-christchurch?osq=Restaurant
benson-chinese-restaurant-christchurch,Benson Chinese Restaurant,3.0,2,,"Chinese, Seafood, Noodles",https://www.yelp.com/biz/benson-chinese-restaurant-christchurch?osq=Restaurant
fUbbtohQLIxLW_H7RJPZrw,Cafe Sismo,4.6,5,,Cafes,https://www.yelp.com/biz/cafe-sismo-christchurch?osq=Restaurant
cafe-sismo-christchurch,Cafe Sismo,4.6,5,,Cafes,https://www.yelp.com/biz/cafe-sismo-christchurch?osq=Restaurant
D12C-qzn3l8FdXqH4IU8Jg,Wok On In,4.0,2,,Malaysian,https://www.yelp.com/biz/wok-on-in-christchurch?osq=Restaurant
wok-on-in-christchurch,Wok On In,4.0,2,,Malaysian,https://www.yelp.com/biz/wok-on-in-christchurch?osq=Restaurant
9IH4d4GfvmlDL1LpazUt7Q,Red Elephant,4.0,1,$$,Thai,https://www.yelp.com/biz/red-elephant-christchurch?osq=Restaurant
red-elephant-christchurch,Red Elephant,4.0,1,$$,Thai,https://www.yelp.com/biz/red-elephant-christchurch?osq=Restaurant
HmVDwFzQDylZ-A0CloxPbQ,Maddison’s Restaurant,5.0,1,,New Zealand,https://www.yelp.com/biz/maddisons-restaurant-christchurch?osq=Restaurant
maddisons-restaurant-christchurch,Maddison’s Restaurant,5.0,1,,New Zealand,https://www.yelp.com/biz/maddisons-restaurant-christchurch?osq=Restaurant
-EYNkEGPRoyInE9COjJnNA,Red Rock Cafe,4.5,2,,Cafes,https://www.yelp.com/biz/red-rock-cafe-christchurch?osq=Restaurant
red-rock-cafe-christchurch,Red Rock Cafe,4.5,2,,Cafes,https://www.yelp.com/biz/red-rock-cafe-christchurch?osq=Restaurant
PW8sl9ehh5BgrlugZQQtUA,Hell Pizza,4.3,4,,"Pizza, Salad",https://www.yelp.com/biz/hell-pizza-christchurch-3?osq=Restaurant
hell-pizza-christchurch-3,Hell Pizza,4.3,4,,"Pizza, Salad",https://www.yelp.com/biz/hell-pizza-christchurch-3?osq=Restaurant
udG4gWakwlADcXdIqdwehw,Tony’s Teppan Yaki Japanese Restaurant,4.7,3,,Restaurants,https://www.yelp.com/biz/tonys-teppan-yaki-japanese-restaurant-christchurch?osq=Restaurant
tonys-teppan-yaki-japanese-restaurant-christchurch,Tony’s Teppan Yaki Japanese Restaurant,4.7,3,,Restaurants,https://www.yelp.com/biz/tonys-teppan-yaki-japanese-restaurant-christchurch?osq=Restaurant
Vvt6jac_VsAop9iWqLEYhA,Green Chilli Thai Restaurant and Takeaway,5.0,1,,Thai,https://www.yelp.com/biz/green-chilli-thai-restaurant-and-takeaway-christchurch?osq=Restaurant
green-chilli-thai-restaurant-and-takeaway-christchurch,Green Chilli Thai Restaurant and Takeaway,5.0,1,,Thai,https://www.yelp.com/biz/green-chilli-thai-restaurant-and-takeaway-christchurch?osq=Restaurant
yGe-3Dd8V9TAbtoJDiPAMg,Mitchelli’s Cafe Rinato,5.0,1,,"Cafes, Italian",https://www.yelp.com/biz/mitchellis-cafe-rinato-christchurch?osq=Restaurant
mitchellis-cafe-rinato-christchurch,Mitchelli’s Cafe Rinato,5.0,1,,"Cafes, Italian",https://www.yelp.com/biz/mitchellis-cafe-rinato-christchurch?osq=Restaurant
qkLJmx__gkLiqGXvm9GRCA,Sampan House Restaurant,2.9,7,$,Restaurants,https://www.yelp.com/biz/sampan-house-restaurant-christchurch?osq=Restaurant
sampan-house-restaurant-christchurch,Sampan House Restaurant,2.9,7,$,Restaurants,https://www.yelp.com/biz/sampan-house-restaurant-christchurch?osq=Restaurant
Lcj55-cemIDsOFM4NWFTNg,CBD Bar & Pizzaria,4.0,2,$$,"Hookah Bars, Pizza, Cocktail Bars",https://www.yelp.com/biz/cbd-bar-and-pizzaria-christchurch?osq=Restaurant
cbd-bar-and-pizzaria-christchurch,CBD Bar & Pizzaria,4.0,2,$$,"Hookah Bars, Pizza, Cocktail Bars",https://www.yelp.com/biz/cbd-bar-and-pizzaria-christchurch?osq=Restaurant
EuFIeBxijn1liQuwWfJdSw,Eden Alley,3.0,2,,Korean,https://www.yelp.com/biz/eden-alley-christchurch?osq=Restaurant
eden-alley-christchurch,Eden Alley,3.0,2,,Korean,https://www.yelp.com/biz/eden-alley-christchurch?osq=Restaurant
ni-pySOL-0X59iOcOvCSXQ,The Bridge Restaurant & Bar,3.0,2,,"Bars, New Zealand",https://www.yelp.com/biz/the-bridge-restaurant-and-bar-prebbleton?osq=Restaurant
the-bridge-restaurant-and-bar-prebbleton,The Bridge Restaurant & Bar,3.0,2,,"Bars, New Zealand",https://www.yelp.com/biz/the-bridge-restaurant-and-bar-prebbleton?osq=Restaurant
5eRuSl6megpNFiXOFtAAFA,Maharaja,4.0,4,$$,"Indian, Beer Bar, Cocktail Bars",https://www.yelp.com/biz/maharaja-christchurch?osq=Restaurant
maharaja-christchurch,Maharaja,4.0,4,$$,"Indian, Beer Bar, Cocktail Bars",https://www.yelp.com/biz/maharaja-christchurch?osq=Restaurant
eFpwZ0CEo1k-opYw7qY4XQ,Yoshi Japanese Restaurant,4.0,1,,Japanese,https://www.yelp.com/biz/yoshi-japanese-restaurant-canterbury?osq=Restaurant
yoshi-japanese-restaurant-canterbury,Yoshi Japanese Restaurant,4.0,1,,Japanese,https://www.yelp.com/biz/yoshi-japanese-restaurant-canterbury?osq=Restaurant
f5WbfkjUOMMofXvpxK-nZw,Riccarton Noodle House,3.7,3,,Cambodian,https://www.yelp.com/biz/riccarton-noodle-house-christchurch?osq=Restaurant
riccarton-noodle-house-christchurch,Riccarton Noodle House,3.7,3,,Cambodian,https://www.yelp.com/biz/riccarton-noodle-house-christchurch?osq=Restaurant
TuxIaLO5I33JKPsRt-IUoA,Baretta,3.0,9,$$$,"Bars, Italian",https://www.yelp.com/biz/baretta-christchurch?osq=Restaurant
baretta-christchurch,Baretta,3.0,9,$$$,"Bars, Italian",https://www.yelp.com/biz/baretta-christchurch?osq=Restaurant
mZa1MnzeZBFFsTJJ2IJMhQ,Welcome Chinese Vegetarian Food,4.0,5,,"Vegan, Vegetarian, Chinese",https://www.yelp.com/biz/welcome-chinese-vegetarian-food-christchurch?osq=Restaurant
welcome-chinese-vegetarian-food-christchurch,Welcome Chinese Vegetarian Food,4.0,5,,"Vegan, Vegetarian, Chinese",https://www.yelp.com/biz/welcome-chinese-vegetarian-food-christchurch?osq=Restaurant
A0MHnjrSlyOP47OaY8UEag,Thai Chef’s Restaurant,3.5,2,,Thai,https://www.yelp.com/biz/thai-chefs-restaurant-christchurch?osq=Restaurant
thai-chefs-restaurant-christchurch,Thai Chef’s Restaurant,3.5,2,,Thai,https://www.yelp.com/biz/thai-chefs-restaurant-christchurch?osq=Restaurant
GpecoNDxG0GfT-UH7P7VwQ,BurgerFuel Papanui,4.7,3,,"Burgers, Fast Food",https://www.yelp.com/biz/burgerfuel-papanui-christchurch?osq=Restaurant
burgerfuel-papanui-christchurch,BurgerFuel Papanui,4.7,3,,"Burgers, Fast Food",https://www.yelp.com/biz/burgerfuel-papanui-christchurch?osq=Restaurant
JQ2-NbJMc1QVtMng3ikCeQ,Smoke ‘n’ Barrel,5.0,1,,"American, Food Stands",https://www.yelp.com/biz/smoke-n-barrel-christchurch?osq=Restaurant
smoke-n-barrel-christchurch,Smoke ‘n’ Barrel,5.0,1,,"American, Food Stands",https://www.yelp.com/biz/smoke-n-barrel-christchurch?osq=Restaurant
hqDTtJW5MACoCzoRIPsQWg,Wholly Bagels,3.5,2,,"Pizza, Bagels",https://www.yelp.com/biz/wholly-bagels-christchurch?osq=Restaurant
wholly-bagels-christchurch,Wholly Bagels,3.5,2,,"Pizza, Bagels",https://www.yelp.com/biz/wholly-bagels-christchurch?osq=Restaurant
9enJ3S8xlo0VCfgHwPrzMA,Straits Cafe,4.0,1,,Cafes,https://www.yelp.com/biz/straits-cafe-christchurch?osq=Restaurant
straits-cafe-christchurch,Straits Cafe,4.0,1,,Cafes,https://www.yelp.com/biz/straits-cafe-christchurch?osq=Restaurant
X1eipD7F_RYIckkfoZtKjg,Holy Smoke,3.0,1,,"Barbeque, Seafood",https://www.yelp.com/biz/holy-smoke-christchurch?osq=Restaurant
holy-smoke-christchurch,Holy Smoke,3.0,1,,"Barbeque, Seafood",https://www.yelp.com/biz/holy-smoke-christchurch?osq=Restaurant
GIYxmAjDpiC-5FxYes_12g,Cashel Thai,5.0,1,,Restaurants,https://www.yelp.com/biz/cashel-thai-christchurch?osq=Restaurant
cashel-thai-christchurch,Cashel Thai,5.0,1,,Restaurants,https://www.yelp.com/biz/cashel-thai-christchurch?osq=Restaurant
A6CKAkDkccjl7cAUaCjuqA,Beat Street,4.2,5,,Cafes,https://www.yelp.com/biz/beat-street-christchurch?osq=Restaurant
beat-street-christchurch,Beat Street,4.2,5,,Cafes,https://www.yelp.com/biz/beat-street-christchurch?osq=Restaurant
5xrpVuUVwbkVURjJYiq4XQ,McDonald’s,5.0,1,$$$$,Restaurants,https://www.yelp.com/biz/mcdonalds-christchurch-2?osq=Restaurant
mcdonalds-christchurch-2,McDonald’s,5.0,1,$$$$,Restaurants,https://www.yelp.com/biz/mcdonalds-christchurch-2?osq=Restaurant
DceEP2EQIE6xPEXZHPBC-g,The Grey Robin,5.0,1,,New Zealand,https://www.yelp.com/biz/the-grey-robin-christchurch?osq=Restaurant
the-grey-robin-christchurch,The Grey Robin,5.0,1,,New Zealand,https://www.yelp.com/biz/the-grey-robin-christchurch?osq=Restaurant
BL3cJH8iCyty0l97J4izHA,Cassels & Sons,3.7,10,$$$,"Hookah Bars, Pizza, Wine Bars",https://www.yelp.com/biz/cassels-and-sons-christchurch?osq=Restaurant
cassels-and-sons-christchurch,Cassels & Sons,3.7,10,$$$,"Hookah Bars, Pizza, Wine Bars",https://www.yelp.com/biz/cassels-and-sons-christchurch?osq=Restaurant
rduCilp2LsIMmj7659eDhA,Slick Burgers,5.0,1,,"Burgers, Fast Food, Head Shops",https://www.yelp.com/biz/slick-burgers-christchurch?osq=Restaurant
slick-burgers-christchurch,Slick Burgers,5.0,1,,"Burgers, Fast Food, Head Shops",https://www.yelp.com/biz/slick-burgers-christchurch?osq=Restaurant
BvIxqkZtptUFvW1TmupRIQ,Raw Sugar Cafe,5.0,1,,Cafes,https://www.yelp.com/biz/raw-sugar-cafe-christchurch?osq=Restaurant
raw-sugar-cafe-christchurch,Raw Sugar Cafe,5.0,1,,Cafes,https://www.yelp.com/biz/raw-sugar-cafe-christchurch?osq=Restaurant
_6Kg47EfSZEAcO6iXMjD_w,Robert Harris,5.0,1,,"Coffee & Tea, Breakfast & Brunch",https://www.yelp.com/biz/robert-harris-christchurch-3?osq=Restaurant
robert-harris-christchurch-3,Robert Harris,5.0,1,,"Coffee & Tea, Breakfast & Brunch",https://www.yelp.com/biz/robert-harris-christchurch-3?osq=Restaurant
4vqFV3j6G7ewZ6k0fFVytw,Formaggio’s Restaurant & Pizzeria,4.0,1,,"Italian, Desserts, Wine Bars",https://www.yelp.com/biz/formaggios-restaurant-and-pizzeria-christchurch?osq=Restaurant
formaggios-restaurant-and-pizzeria-christchurch,Formaggio’s Restaurant & Pizzeria,4.0,1,,"Italian, Desserts, Wine Bars",https://www.yelp.com/biz/formaggios-restaurant-and-pizzeria-christchurch?osq=Restaurant
r5rfX4FLRgHG8Pl3TBkBfQ,Divine Cafe,5.0,1,,Cafes,https://www.yelp.com/biz/divine-cafe-christchurch-2?osq=Restaurant
divine-cafe-christchurch-2,Divine Cafe,5.0,1,,Cafes,https://www.yelp.com/biz/divine-cafe-christchurch-2?osq=Restaurant
FfB040u_JQh6PnbsrLQM_w,Anna’s Cafe,4.0,1,,"Breakfast & Brunch, Cafes",https://www.yelp.com/biz/annas-cafe-christchurch?osq=Restaurant
annas-cafe-christchurch,Anna’s Cafe,4.0,1,,"Breakfast & Brunch, Cafes",https://www.yelp.com/biz/annas-cafe-christchurch?osq=Restaurant
Buq-aQrkHvxEqi60mpoUEA,Gustavs Wine Bar,5.0,1,,"Tapas/Small Plates, Wine Bars",https://www.yelp.com/biz/gustavs-wine-bar-christchurch?osq=Restaurant
gustavs-wine-bar-christchurch,Gustavs Wine Bar,5.0,1,,"Tapas/Small Plates, Wine Bars",https://www.yelp.com/biz/gustavs-wine-bar-christchurch?osq=Restaurant
vLxAhCXN07M-XPsjTtHlHQ,Hikari Sushi Bar,2.7,3,$$,"Sushi Bars, Japanese, Asian Fusion",https://www.yelp.com/biz/hikari-sushi-bar-christchurch?osq=Restaurant
hikari-sushi-bar-christchurch,Hikari Sushi Bar,2.7,3,$$,"Sushi Bars, Japanese, Asian Fusion",https://www.yelp.com/biz/hikari-sushi-bar-christchurch?osq=Restaurant
Q0siw97jE0i2WjqoUfmBEQ,Burgers & Beers,4.1,9,$$,Burgers,https://www.yelp.com/biz/burgers-and-beers-christchurch?osq=Restaurant
burgers-and-beers-christchurch,Burgers & Beers,4.1,9,$$,Burgers,https://www.yelp.com/biz/burgers-and-beers-christchurch?osq=Restaurant
8UcIcdTWPSIEyMOAcUbXEw,McDonald’s,2.5,2,,"Fast Food, Burgers",https://www.yelp.com/biz/mcdonalds-christchurch-4?osq=Restaurant
mcdonalds-christchurch-4,McDonald’s,2.5,2,,"Fast Food, Burgers",https://www.yelp.com/biz/mcdonalds-christchurch-4?osq=Restaurant
jmbNNBewbedUH_8uHrwRcQ,Khmer Satay Noodle House,4.0,1,,Restaurants,https://www.yelp.com/biz/khmer-satay-noodle-house-christchurch?osq=Restaurant
khmer-satay-noodle-house-christchurch,Khmer Satay Noodle House,4.0,1,,Restaurants,https://www.yelp.com/biz/khmer-satay-noodle-house-christchurch?osq=Restaurant
V0NEAvgeKUCXwEKvoEEo-Q,Blax Espresso,4.0,3,,"Breakfast & Brunch, Cafes, Sandwiches",https://www.yelp.com/biz/blax-espresso-christchurch?osq=Restaurant
blax-espresso-christchurch,Blax Espresso,4.0,3,,"Breakfast & Brunch, Cafes, Sandwiches",https://www.yelp.com/biz/blax-espresso-christchurch?osq=Restaurant
_MJXPoOfH2yO7kh_bgbzSA,Sevanti Rest & Bar,3.0,1,,Restaurants,https://www.yelp.com/biz/sevanti-rest-and-bar-christchurch?osq=Restaurant
sevanti-rest-and-bar-christchurch,Sevanti Rest & Bar,3.0,1,,Restaurants,https://www.yelp.com/biz/sevanti-rest-and-bar-christchurch?osq=Restaurant
CXuL9WJbfV7Bv_AVWjfdPw,Earl,4.0,2,,"Wine Bars, Breakfast & Brunch, Beer Bar",https://www.yelp.com/biz/earl-christchurch?osq=Restaurant
earl-christchurch,Earl,4.0,2,,"Wine Bars, Breakfast & Brunch, Beer Bar",https://www.yelp.com/biz/earl-christchurch?osq=Restaurant
lDkQznmnetZZ8LUG1C0KuQ,Mosaic by Simo,5.0,1,,"Moroccan, Delis",https://www.yelp.com/biz/mosaic-by-simo-christchurch?osq=Restaurant
mosaic-by-simo-christchurch,Mosaic by Simo,5.0,1,,"Moroccan, Delis",https://www.yelp.com/biz/mosaic-by-simo-christchurch?osq=Restaurant
dVNm5W3nllKVhIfQQ853WQ,Coasters Tavern,4.3,16,$,"Cocktail Bars, American",https://www.yelp.com/biz/coasters-tavern-east-meadow?osq=Restaurant
coasters-tavern-east-meadow,Coasters Tavern,4.3,16,$,"Cocktail Bars, American",https://www.yelp.com/biz/coasters-tavern-east-meadow?osq=Restaurant
SDFuevFC99TzmGR1OKUubA,The Dragon Express Restaurant,3.0,2,,Chinese,https://www.yelp.com/biz/the-dragon-express-restaurant-christchurch?osq=Restaurant
the-dragon-express-restaurant-christchurch,The Dragon Express Restaurant,3.0,2,,Chinese,https://www.yelp.com/biz/the-dragon-express-restaurant-christchurch?osq=Restaurant
pg1DJsdU9vSp6WLJcxRxAw,Pure Cafe Co.,5.0,1,,Cafes,https://www.yelp.com/biz/pure-cafe-co-christchurch-2?osq=Restaurant
pure-cafe-co-christchurch-2,Pure Cafe Co.,5.0,1,,Cafes,https://www.yelp.com/biz/pure-cafe-co-christchurch-2?osq=Restaurant
xfH4IZ_BvcF-z6VMN-IU-w,Spagalimis,2.4,5,,Pizza,https://www.yelp.com/biz/spagalimis-christchurch-2?osq=Restaurant
spagalimis-christchurch-2,Spagalimis,2.4,5,,Pizza,https://www.yelp.com/biz/spagalimis-christchurch-2?osq=Restaurant
kE0-zB0_2D-BU1X5myuacQ,Traiteur European Butchery,5.0,2,,"Delis, Cafes",https://www.yelp.com/biz/traiteur-european-butchery-christchurch?osq=Restaurant
traiteur-european-butchery-christchurch,Traiteur European Butchery,5.0,2,,"Delis, Cafes",https://www.yelp.com/biz/traiteur-european-butchery-christchurch?osq=Restaurant
LlL_lCIdSTo5C7j4oSIbgw,Town Tonic,1.8,4,$$,"Cafes, Breakfast & Brunch",https://www.yelp.com/biz/town-tonic-christchurch?osq=Restaurant
town-tonic-christchurch,Town Tonic,1.8,4,$$,"Cafes, Breakfast & Brunch",https://www.yelp.com/biz/town-tonic-christchurch?osq=Restaurant
snprPEusRxUPyGLadO1iRg,Joe’s Garage,2.0,1,,"Beer, Wine & Spirits, Diners, American",https://www.yelp.com/biz/joes-garage-christchurch-3?osq=Restaurant
joes-garage-christchurch-3,Joe’s Garage,2.0,1,,"Beer, Wine & Spirits, Diners, American",https://www.yelp.com/biz/joes-garage-christchurch-3?osq=Restaurant
4-5FjG5FLJnhezry9nqRxw,Roast Ease,4.0,1,,Fast Food,https://www.yelp.com/biz/roast-ease-christchurch?osq=Restaurant
roast-ease-christchurch,Roast Ease,4.0,1,,Fast Food,https://www.yelp.com/biz/roast-ease-christchurch?osq=Restaurant
pXX9rSjuweCcVsFwhl36fQ,Mr Sushi,5.0,1,,Japanese,https://www.yelp.com/biz/mr-sushi-christchurch?osq=Restaurant
mr-sushi-christchurch,Mr Sushi,5.0,1,,Japanese,https://www.yelp.com/biz/mr-sushi-christchurch?osq=Restaurant
y4jnOb4jgLMe029wAaABdA,Arbo Cafe,5.0,1,,Cafes,https://www.yelp.com/biz/arbo-cafe-christchurch?osq=Restaurant
arbo-cafe-christchurch,Arbo Cafe,5.0,1,,Cafes,https://www.yelp.com/biz/arbo-cafe-christchurch?osq=Restaurant
1AECVcNgjEhzEEABhojRjQ,Papas Pizza,3.0,2,,Pizza,https://www.yelp.com/biz/papas-pizza-christchurch?osq=Restaurant
papas-pizza-christchurch,Papas Pizza,3.0,2,,Pizza,https://www.yelp.com/biz/papas-pizza-christchurch?osq=Restaurant
Xs3o1TJ94gvT2Qo6TG1B-g,The China Kitchen,4.0,1,,Chinese,https://www.yelp.com/biz/the-china-kitchen-christchurch?osq=Restaurant
the-china-kitchen-christchurch,The China Kitchen,4.0,1,,Chinese,https://www.yelp.com/biz/the-china-kitchen-christchurch?osq=Restaurant
dwebhjgrd7u1pjADqZH2RA,Hachi Hachi,2.0,1,,Japanese,https://www.yelp.com/biz/hachi-hachi-christchurch?osq=Restaurant
hachi-hachi-christchurch,Hachi Hachi,2.0,1,,Japanese,https://www.yelp.com/biz/hachi-hachi-christchurch?osq=Restaurant
-Xd02BUqdGxeY0rnq8tABg,Himalayas Indian Restaurant & Takeaways,3.0,3,$$,Indian,https://www.yelp.com/biz/himalayas-indian-restaurant-and-takeaways-christchurch?osq=Restaurant
himalayas-indian-restaurant-and-takeaways-christchurch,Himalayas Indian Restaurant & Takeaways,3.0,3,$$,Indian,https://www.yelp.com/biz/himalayas-indian-restaurant-and-takeaways-christchurch?osq=Restaurant
IO-ZvolUGtPAJScNnRDGrA,Pies and Coffee,5.0,1,,"Desserts, Breakfast & Brunch",https://www.yelp.com/biz/pies-and-coffee-christchurch?osq=Restaurant
pies-and-coffee-christchurch,Pies and Coffee,5.0,1,,"Desserts, Breakfast & Brunch",https://www.yelp.com/biz/pies-and-coffee-christchurch?osq=Restaurant
ETWT04wh-hNDfnbwHHqgTw,Sugarhorse,5.0,1,$$,"Bars, Tapas Bars",https://www.yelp.com/biz/sugarhorse-christchurch?osq=Restaurant
sugarhorse-christchurch,Sugarhorse,5.0,1,$$,"Bars, Tapas Bars",https://www.yelp.com/biz/sugarhorse-christchurch?osq=Restaurant
tZzZ6KZpBITfPH1c9YQhNQ,Antigua Boatsheds Canoe Hire,4.7,3,$$,"Coffee & Tea, Cafes",https://www.yelp.com/biz/antigua-boatsheds-canoe-hire-christchurch?osq=Restaurant
antigua-boatsheds-canoe-hire-christchurch,Antigua Boatsheds Canoe Hire,4.7,3,$$,"Coffee & Tea, Cafes",https://www.yelp.com/biz/antigua-boatsheds-canoe-hire-christchurch?osq=Restaurant
0WLG5q8EvqeO9THLCefCSQ,Burgerfuel,5.0,1,££,Burgers,https://www.yelp.com/biz/burgerfuel-christchurch?osq=Restaurant
burgerfuel-christchurch,Burgerfuel,5.0,1,££,Burgers,https://www.yelp.com/biz/burgerfuel-christchurch?osq=Restaurant
GErbCSWshPEgO6Hp3I1J2w,Silver Dolphin,1.0,1,,Fish & Chips,https://www.yelp.com/biz/silver-dolphin-christchurch?osq=Restaurant
silver-dolphin-christchurch,Silver Dolphin,1.0,1,,Fish & Chips,https://www.yelp.com/biz/silver-dolphin-christchurch?osq=Restaurant
uweoHy1k1ekNVG1PSFSRNw,Noodle,1.0,1,,Chinese,https://www.yelp.com/biz/noodle-christchurch?osq=Restaurant
noodle-christchurch,Noodle,1.0,1,,Chinese,https://www.yelp.com/biz/noodle-christchurch?osq=Restaurant
n1fEmibh3aCh6ZQV8_7U-A,Spagalimis,3.0,4,,Pizza,https://www.yelp.com/biz/spagalimis-christchurch-4?osq=Restaurant
spagalimis-christchurch-4,Spagalimis,3.0,4,,Pizza,https://www.yelp.com/biz/spagalimis-christchurch-4?osq=Restaurant
6p2BTKN9DkPLwT4yWx8G7g,Cafe Mosaic,4.5,2,,"Cafes, Breakfast & Brunch",https://www.yelp.com/biz/cafe-mosaic-christchurch?osq=Restaurant
cafe-mosaic-christchurch,Cafe Mosaic,4.5,2,,"Cafes, Breakfast & Brunch",https://www.yelp.com/biz/cafe-mosaic-christchurch?osq=Restaurant
A04EU-7eb_NkwUx1yZyCQw,Ilam Seafoods,1.0,1,,"Fast Food, Fish & Chips",https://www.yelp.com/biz/ilam-seafoods-christchurch?osq=Restaurant
ilam-seafoods-christchurch,Ilam Seafoods,1.0,1,,"Fast Food, Fish & Chips",https://www.yelp.com/biz/ilam-seafoods-christchurch?osq=Restaurant
8MynkXRxSbrfGaUAPO9ufg,Nobanno Restaurant Bar & Cafe,3.7,3,,"Bangladeshi, Bars",https://www.yelp.com/biz/nobanno-restaurant-bar-and-cafe-christchurch?osq=Restaurant
nobanno-restaurant-bar-and-cafe-christchurch,Nobanno Restaurant Bar & Cafe,3.7,3,,"Bangladeshi, Bars",https://www.yelp.com/biz/nobanno-restaurant-bar-and-cafe-christchurch?osq=Restaurant
