original_name,normalized_name,restaurant_id,action,reviews_added,final_review_total
1851 Social Bar and Lounge,1851 social bar and lounge,1851-social-bar-and-lounge-chijv7jvrzukmw0rtbm4qxt2f7q,NEW,7,7
29 Sweets (vegan vegetarian Indian restaurant),29 sweets vegan vegetarian indian restaurant,29-sweets-vegan-vegetarian-indian-restaurant-chijbfmquv6lmw0rqqhtysl539g,NEW,3,3
5 Star,5 star,5-star-chijgqeicjx0mw0rxs8kzk2lafa,NEW,4,4
50 Bistro,50 bistro,50-bistro-chijkcvlpjikmw0r3uomiunahpa,NEW,7,7
5th street,5th street,5th-street-busy8uagsr4xvtdk64kccg,NEW,6,6
5th Street,5th street,5th-street-chijtwlyrdwlmw0rtm-yfebnmyi,MERGED,7,13
A'mano authentic pasta & cucina,a mano authentic pasta cucina,a-mano-authentic-pasta-cucina-chijffzqr9qjmw0rrcm-iqqbkxi,NEW,6,6
A Rolling Stone,a rolling stone,a-rolling-stone-chij6stwnxekmw0rlalbmnq38ka,NEW,5,5
abalone thai restaurant,abalone thai restaurant,abalone-thai-restaurant-bonsa2bwnhdqfwvmrn1rag,NEW,4,4
Abalone Thai Restaurant,abalone thai restaurant,abalone-thai-restaurant-chiji672vgulmw0ro1aaeaad1c4,MERGED,6,10
(Addington) Krung Thep Thai Street Food,addington krung thep thai street food,addington-krung-thep-thai-street-food-chijrytwsralmw0rfztzoh8abig,NEW,3,3
Adipoli South Indian Kerala Cuisine,adipoli south indian kerala cuisine,adipoli-south-indian-kerala-cuisine-chijj0f4iikjmw0r7ud6mg9ta-c,NEW,4,4
Affogato Cafe,affogato cafe,affogato-cafe-chijw7jp7tgkmw0r3lhruwudq5y,NEW,7,7
Afghan Restaurant,afghan restaurant,afghan-restaurant-chijn30hmhukmw0rdssqtdoxnq0,NEW,5,5
Aikmans Merivale,aikmans merivale,aikmans-merivale-chijb8pegbolmw0rv6wlelgoz3u,NEW,6,6
Aki Sushi Christchurch,aki sushi christchurch,aki-sushi-christchurch-chija2ggkdklmw0rxrhbevrle-q,NEW,5,5
Aksorn’s Thai Kitchen,aksorn s thai kitchen,aksorns-thai-kitchen-chijl9dlrlalmw0rhw-n5b4dvf4,NEW,8,8
amaterrace teppanyaki,amaterrace teppanyaki,amaterrace-teppanyaki-5asfsf5qbeveyxh3ktkrka,NEW,2,2
Amaterrace Teppanyaki,amaterrace teppanyaki,amaterrace-teppanyaki-chijtaae0hslmw0rax8ibyzhwx4,MERGED,8,10
Amazonita,amazonita,amazonita-chijkbabsd2kmw0rgcid-gj5et0,NEW,8,8
amazonita,amazonita,amazonita-zhk2a3tqdyldanfoeqjr1a,MERGED,10,18
Ancestral Restaurant at 35 Riccarton Road,ancestral restaurant at 35 riccarton road,ancestral-restaurant-at-35-riccarton-road-chijb3w83f6kmw0rcgqugbhcjco,NEW,7,7
Ancient Lanzhou Beef Noodles 上古金城兰州牛肉面,ancient lanzhou beef noodles,ancient-lanzhou-beef-noodles-shang-gu-jin-cheng-lan-zhou-niu-rou-mian-chijmq2fp7slmw0rgjjtluncyao,NEW,6,6
anna’s cafe,anna s cafe,annas-cafe-ffb040u-jqh6pnbsrlqm-w,NEW,1,1
antigua boatsheds canoe hire,antigua boatsheds canoe hire,antigua-boatsheds-canoe-hire-tzzz6kzpbitfph1c9yqhnq,NEW,3,3
Arbie Restaurant,arbie restaurant,arbie-restaurant-chijgyzcffkjmw0r38brrskij4g,NEW,3,3
arbo cafe,arbo cafe,arbo-cafe-y4jnob4jglme029waaabda,NEW,1,1
arjee bhajee,arjee bhajee,arjee-bhajee-3sgm-b79hqjrgswayaukxa,NEW,2,2
Arjee Bhajee,arjee bhajee,arjee-bhajee-chijv2t8gvykmw0rrqeh47ekfkk,MERGED,6,8
Aroma Delight Indian Takeaway’s Edgeware (Halal),aroma delight indian takeaway s edgeware halal,aroma-delight-indian-takeaways-edgeware-halal-chijk4dpdtojmw0r61evyxvmapo,NEW,6,6
Aroy Thai Eatery - Bush Inn,aroy thai bush inn,aroy-thai-eatery-bush-inn-chijg5tj1pklmw0rjkp4shc7wk8,NEW,7,7
aroy thai restaurant,aroy thai restaurant,aroy-thai-restaurant-nbksan-diw8e4s2ub2hxsq,NEW,2,2
Astro Lounge,astro lounge,astro-lounge-chijgumehz-kmw0rval5na-p-ks,NEW,2,2
At Tonys Japanese Restaurant,at tonys japanese restaurant,at-tonys-japanese-restaurant-chijizdsvpwkmw0rfdu-ifxskdw,NEW,7,7
Austin Club,austin club,austin-club-chijn1-wp0ulmw0r-pixeggb8-o,NEW,6,6
Babaili,babaili,babaili-chij95coyqclmw0rcoupqtzheng,NEW,2,2
Bacon Bros Burgers,bacon bros burgers,bacon-bros-burgers-chij715fmhikmw0rknd8lxvwz80,NEW,6,6
bacon brothers,bacon brothers,bacon-brothers-rdyakujc8b6r-bwpdagd4g,NEW,23,23
Bailies Bar,bailies bar,bailies-bar-chijxwjdrtykmw0r4figkq8yfna,NEW,6,6
Bali Thai Cuisine Blenheim Road,bali thai cuisine blenheim road,bali-thai-cuisine-blenheim-road-chij0fipwkalmw0r0ottlfzsi2w,NEW,6,6
Bali Thai Cuisine,bali thai cuisine,bali-thai-cuisine-chijv2pkobmkmw0rbtut2jox944,NEW,7,7
Bamboo Asian Express,bamboo asian express,bamboo-asian-express-chijzxoj4w6lmw0rgcjk-xymuxo,NEW,6,6
Banh Mi and Beyond,banh mi and beyond,banh-mi-and-beyond-chijxspc8mylmw0r22wrfnegjcs,NEW,7,7
Banh Mi EM,banh mi em,banh-mi-em-chij868vr-ulmw0r2jwbjh-7rvc,NEW,8,8
Banh Mi Factory Hornby,banh mi factory hornby,banh-mi-factory-hornby-chiji8f2i-x1mw0rbxsu1byhnuw,NEW,7,7
Banh Mi Kitchen,banh mi kitchen,banh-mi-kitchen-chijy0gl9-2lmw0rqil5m5eaaq8,NEW,6,6
Bar 185,bar 185,bar-185-chij0qulvselmw0rlsxht91gh8y,NEW,8,8
Bar Franco,bar franco,bar-franco-chijlxvwo1ilmw0rsggbf-8v640,NEW,8,8
Bar Yoku,bar yoku,bar-yoku-chijj73ncmclmw0rh4f6p-2jili,NEW,8,8
Barefoot Eatery,barefoot,barefoot-eatery-chijxtpmooolmw0rtj05rc1e58u,NEW,8,8
baretta,baretta,baretta-tuxialo5i33jkpsrt-iuoa,NEW,9,9
base woodfired pizza,base woodfired pizza,base-woodfired-pizza-asil2nnxpqg94jjc-oyilg,NEW,16,16
BASE Woodfired Pizza - Little High,base woodfired pizza,base-woodfired-pizza-little-high-chijywylqjmkmw0ro3djvkmuwv4,MERGED,8,24
Basmati's Indian eatery,basmati s indian,basmati-s-indian-eatery-chijiyf0ryelmw0rafyxnkj-uyw,NEW,5,5
BB Vietnamese Street Food,bb vietnamese street food,bb-vietnamese-street-food-chijzzunkzclmw0rirdqxcaoylo,NEW,6,6
BB Vietnamese Takeaway Fish&Chips,bb vietnamese takeaway fish chips,bb-vietnamese-takeaway-fish-chips-chijduekuzmhmm0rfg5rmsj5nva,NEW,7,7
beat street,beat street,beat-street-a6ckakdkccjl7cauacjuqa,NEW,5,5
Belfast Tavern (The Peg Tavern),belfast tavern the peg tavern,belfast-tavern-the-peg-tavern-chijw7lgz82nmw0rsiqxtno-bos,NEW,5,5
Benson Chinese Restaurant,benson chinese restaurant,benson-chinese-restaurant-chijxwabgpokmw0r5tuj-hfzs1e,NEW,5,5
benson chinese restaurant,benson chinese restaurant,benson-chinese-restaurant-vg7bx-lv2eamp1-agjcwua,MERGED,2,7
Bessie,bessie,bessie-chij74t3mbekmw0re0hvmdp7mke,NEW,8,8
Best Turkish Food CO.,best turkish food co,best-turkish-food-co-chijbxf11dykmw0rjpvdzqtuezu,NEW,4,4
Bickertons Pub,bickertons pub,bickertons-pub-chij5qgjm-iimw0rgkjys1-zvkk,NEW,4,4
Big Bang Chicken and Sushi,big bang chicken and sushi,big-bang-chicken-and-sushi-chijiewquxijmw0r-vulkskicsy,NEW,7,7
Big Pot Buffet Takeaway,big pot buffet takeaway,big-pot-buffet-takeaway-chijhe3rbpqimw0rwdpkmj2uz3y,NEW,6,6
"Bikanervala Indian Sweets, Restaurant & Takeaway",bikanervala indian sweets restaurant takeaway,bikanervala-indian-sweets-restaurant-takeaway-chij25i9chckmw0rkgdazpvihu4,NEW,6,6
Bills Bar & Bistro,bills bar bistro,bills-bar-bistro-chij32ev13kgmm0r2sbyfomxgzy,NEW,8,8
Bishop Brothers Public House,bishop brothers public house,bishop-brothers-public-house-chijase7pwulmw0rh324ubv2dke,NEW,6,6
Black Betty Cafe,black betty cafe,black-betty-cafe-chijfcwbkrmkmw0rac54zypusio,NEW,2,2
black betty,black betty,black-betty-uqiiti1zd4q7pt2z4oj8rg,NEW,43,43
Black Burger,black burger,black-burger-chiju-fgucilmw0rjpvn06t1xw4,NEW,7,7
blax espresso,blax espresso,blax-espresso-v0neavgekucxwekvoeeo-q,NEW,3,3
Bloody Mary's,bloody mary s,bloody-mary-s-chijs1hbuigkmw0rpebiachchgy,NEW,6,6
bloody mary’s,bloody mary s,bloody-marys-eo9nbcnugrbmgqh-bso6zq,MERGED,16,22
Bobby’s Brunch,bobby s brunch,bobbys-brunch-chijeep8wo6lmw0rgshouqbfwv0,NEW,7,7
Bolina Indian Sweets and Restaurant,bolina indian sweets and restaurant,bolina-indian-sweets-and-restaurant-chijcavlvdqkmw0rev9frenamwk,NEW,7,7
Bollyfood,bollyfood,bollyfood-chij0-a9udelmw0r8iyghtezniy,NEW,4,4
Bombay Butler Sydenham,bombay butler sydenham,bombay-butler-sydenham-chij92tbuw-kmw0rms7dathkmqo,NEW,8,8
Bombay Tandoor quality and quantity takeaway.,bombay tandoor quality and quantity takeaway,bombay-tandoor-quality-and-quantity-takeaway-chij213or6glmw0rzmitqa-b994,NEW,7,7
boo radley’s food & liquor,boo radley s food liquor,boo-radleys-food-liquor-5z3xtftz93htdv9plnwhcw,NEW,11,11
"Boo's | Whiskey, Food & Music",boo s whiskey food music,boo-s-whiskey-food-music-chijh2okejekmw0r0llgriby2ty,NEW,1,1
boteco cafe & bar,boteco cafe bar,boteco-cafe-bar-yrmrg9dof2wd2u7kwzoyea,NEW,2,2
Boteco Cafe & Restaurant,boteco cafe restaurant,boteco-cafe-restaurant-chijyzg6ziekmw0rqyuzkjj938y,NEW,7,7
Brazilian Kitchen,brazilian kitchen,brazilian-kitchen-chijpy-2okqlmw0r-vpu-mi1ig0,NEW,8,8
Brazooka - BBQ Brazil,brazooka bbq brazil,brazooka-bbq-brazil-chij8b3ma6glmw0r2okmzpv6dxk,NEW,7,7
Bridie's Bar & Bistro,bridie s bar bistro,bridie-s-bar-bistro-chijs-dncy6jmw0ryr6bbetudwe,NEW,8,8
buddha stix,buddha stix,buddha-stix-lqggxavm3c0zarlplkkr2q,NEW,3,3
"Burger Station - Best Burgers in Christchurch, NZ",burger station best burgers in christchurch nz,burger-station-best-burgers-in-christchurch-nz-chijpdfgiosjmw0rsjez4ilep7c,NEW,6,6
burgerfuel,burgerfuel,burgerfuel-0wlg5q8evqeo9thlcefcsq,NEW,1,1
burgerfuel papanui,burgerfuel papanui,burgerfuel-papanui-gpecondxg0gft-uh7p7vwq,NEW,3,3
burgerfuel spitfire square,burgerfuel spitfire square,burgerfuel-spitfire-square-jxg6tlwnhhsykck2jxuc3g,NEW,4,4
burgers & beers,burgers beers,burgers-beers-q0siw97je0i2wjqoufmbeq,NEW,9,9
Bush Inn Tavern,bush inn tavern,bush-inn-tavern-chijyajwj7ikmw0rc0t-9leiaa8,NEW,4,4
Busy Mum's Kitchen,busy mum s kitchen,busy-mum-s-kitchen-chijz83zv0-lmw0r3s0hw0e-7qo,NEW,4,4
Cafe Lapines,cafe lapines,cafe-lapines-chijx5o6nwapmm0rk87clbshed8,NEW,8,8
cafe mosaic,cafe mosaic,cafe-mosaic-6p2btkn9dkplwt4ywx8g7g,NEW,2,2
cafe sismo,cafe sismo,cafe-sismo-fubbtohqlixlw-h7rjpzrw,NEW,5,5
Cafe Valentino,cafe valentino,cafe-valentino-chijjzqevdqkmw0rqan5ohhalss,NEW,4,4
cafe valentino,cafe valentino,cafe-valentino-p2p8fwaafzipavwhf4s89g,MERGED,10,14
Cameron Japanese Family Restaurant,cameron japanese family restaurant,cameron-japanese-family-restaurant-chijhzpkv1v1mw0r8mehsxao5x4,NEW,6,6
Canterbury Brewers Collective,canterbury brewers collective,canterbury-brewers-collective-chijx9oxfwolmw0rnr41wg9i4jy,NEW,8,8
Caribe Latin Kitchen,caribe latin kitchen,caribe-latin-kitchen-chijvzbtkhikmw0rkw7ovqqofvu,NEW,8,8
Carlton Bar & Steakhouse,carlton bar steakhouse,carlton-bar-steakhouse-chijyxgqedakmw0rv4kuyksonna,NEW,6,6
casa nostra italian kitchen,casa nostra italian kitchen,casa-nostra-italian-kitchen-e1kzg-8jiu8k8ssofmf4wq,NEW,2,2
Casa Publica,casa publica,casa-publica-chij-vfswcskmw0ravlz2-ykuck,NEW,5,5
"Cascade, Stranges Lane",cascade stranges lane,cascade-stranges-lane-chij1fhjzt2lmw0r5-cwxw7ynag,NEW,8,8
cashel thai,cashel thai,cashel-thai-giyxmajdpic-5fxyes-12g,NEW,1,1
cassels & sons,cassels sons,cassels-sons-bl3cjh8icyty0l97j4izha,NEW,10,10
Cassels The Brewery Bar & Restaurant,cassels the brewery bar restaurant,cassels-the-brewery-bar-restaurant-chijz-nfdtijmw0r5unufvulao4,NEW,4,4
Castro's Christchurch,castro s christchurch,castro-s-christchurch-chijcehaneslmw0rxumnxh-egnw,NEW,5,5
Cathay's Restaurant,cathay s restaurant,cathay-s-restaurant-chijv3dg6h71mw0rl-sl-f-qo7c,NEW,7,7
cbd bar & pizzaria,cbd bar pizzaria,cbd-bar-pizzaria-lcj55-cemidsofm4nwftng,NEW,2,2
CBK Craft Bar & Kitchen Ferrymead,cbk craft bar kitchen ferrymead,cbk-craft-bar-kitchen-ferrymead-chijk3xmkwwjmw0rbxge05mifhm,NEW,6,6
Cellar Door,cellar door,cellar-door-chijls4gxm2lmw0rnckerj73bzg,NEW,6,6
Celtic Arms,celtic arms,celtic-arms-chijnq-7bxskmw0rsb0jsnkp9-y,NEW,3,3
Ceylon Kitchen,ceylon kitchen,ceylon-kitchen-chijurblj1elmw0rron5wzcplaq,NEW,6,6
Chanakya South Indian Cusine,chanakya south indian cusine,chanakya-south-indian-cusine-chijye-hh5mimw0r2tdv4k7-hqg,NEW,6,6
Chang Thai Restaurant,chang thai restaurant,chang-thai-restaurant-chij0xvzt2d1mw0rg-tmqhkg8zu,NEW,8,8
Cheers &Karaoke Bar&Taiwanese Fusion Cuisine (My Kitchen),cheers karaoke bar taiwanese fusion cuisine my kitchen,cheers-karaoke-bar-taiwanese-fusion-cuisine-my-kitchen-chijvtm8mjylmw0r-jv2ptuweiw,NEW,8,8
Chic Persian Restaurant - Bar - رستوران ایرانی,chic persian restaurant bar,chic-persian-restaurant-bar-rstwrn-yrny-chijvxo2ubikmw0rycevjtkudl0,NEW,8,8
ChiChi Kitchen,chichi kitchen,chichi-kitchen-chij41utyrikmw0rdpdy21m8ov0,NEW,5,5
chichi kitchen,chichi kitchen,chichi-kitchen-xhfwhz-7hh5rguwy3qwjqq,MERGED,4,9
Chilli Flakes Indian Restaraunt,chilli flakes indian restaraunt,chilli-flakes-indian-restaraunt-chij78d1ex2imw0rhk1ycl4vm9k,NEW,8,8
chillikiwi,chillikiwi,chillikiwi-taa14dpgrjehtsdk6l0oxa,NEW,2,2
CHILLIKIWI Thai Kitchen,chillikiwi thai kitchen,chillikiwi-thai-kitchen-chijhzetpqglmw0rhqsjyvannlw,NEW,7,7
Chillingworth Road,chillingworth road,chillingworth-road-chijrqnz8jolmw0r0xuxbljki6i,NEW,6,6
chillingworth road,chillingworth road,chillingworth-road-yt4e4spxdegv9s3t8u9oxw,MERGED,5,11
Chim Don Don,chim don don,chim-don-don-chijxcemifkhmm0r2nhsucbnpww,NEW,6,6
China Delight,china delight,china-delight-chijcd62wbekmw0rrduerarrd4s,NEW,7,7
China Wok 乡约小馆 (Riccarton),china wok riccarton,china-wok-xiang-yue-xiao-guan-riccarton-chijr6f5rpwkmw0ry6q7lzkxv1s,NEW,7,7
Chinese Home Kitchen,chinese home kitchen,chinese-home-kitchen-chijqrbpggkjmw0r0-zxxqdgwgs,NEW,6,6
chiwahwah mexican cantina bar,chiwahwah mexican cantina bar,chiwahwah-mexican-cantina-bar-8ah7vwgkkmw0pv8wohwtka,NEW,4,4
Chiwahwah Mexican Cantina Bar,chiwahwah mexican cantina bar,chiwahwah-mexican-cantina-bar-chijheodffklmw0r3tjzx57pwog,MERGED,5,9
chong’s chinese restaurant,chong s chinese restaurant,chongs-chinese-restaurant-p1h0ydrqu-avsszg-va-tg,NEW,6,6
Chop n wok,chop n wok,chop-n-wok-chijh11oihekmw0rnjo0qxsvaye,NEW,8,8
Chopsticks Restaurant,chopsticks restaurant,chopsticks-restaurant-chijeypepxylmw0rcz5dwimukvo,NEW,6,6
Christchurch Tramway Restaurant,christchurch tramway restaurant,christchurch-tramway-restaurant-chijjvemu4ulmw0rr-frvi-5lpw,NEW,7,7
Churchills Tavern,churchills tavern,churchills-tavern-chijt4-grckmw0rl145txtawba,NEW,5,5
City Cafe Asian Cuisine,city cafe asian cuisine,city-cafe-asian-cuisine-chijo2u-0r6kmw0rrxtub-pznzk,NEW,6,6
City Garden Chinese Takeaways,city garden chinese takeaways,city-garden-chinese-takeaways-chijtbvi0oqkmw0rdorp4gysap8,NEW,7,7
cleaver and co,cleaver and co,cleaver-and-co-itzqkpnxwdejvfecz6qgca,NEW,1,1
Cleveland Chinese Takeaways,cleveland chinese takeaways,cleveland-chinese-takeaways-chijbz4vg6glmw0rgs8bfomcunw,NEW,7,7
Cluck Cluck Slurp,cluck cluck slurp,cluck-cluck-slurp-chijt2tzqcolmw0rgbxaa0n5bu4,NEW,7,7
Cô Ba Restaurant,c ba restaurant,co-ba-restaurant-chijjz78mjylmw0rhbcsjlvuldg,NEW,4,4
Coaster's Tavern,coaster s tavern,coaster-s-tavern-chijtfvngimlmw0r0xpyz4hsbt0,NEW,8,8
coasters tavern,coasters tavern,coasters-tavern-dvnm5w3nllkvhifqq853wq,NEW,16,16
(Colombo Street) Krung Thep Thai Street Food,colombo street krung thep thai street food,colombo-street-krung-thep-thai-street-food-chij4-ihb-ulmw0rqxyefa-mv0s,NEW,7,7
Commi,commi,commi-chijbqpmwjqhmm0roxjyeig8h2s,NEW,7,7
Cook 'N' With Gas,cook n with gas,cook-n-with-gas-chijoy4qhj-kmw0rkr09km9vqdc,NEW,6,6
Cookai Japanese Restaurant (Sushi Train &Bar),cookai japanese restaurant sushi train bar,cookai-japanese-restaurant-sushi-train-bar-chijmxxu-cmlmw0rhzepq891riy,NEW,7,7
cook’n’ with gas,cook n with gas,cookn-with-gas-ct29e7yu7tvaeul6aym5wg,MERGED,8,14
Coriander's Bush Inn,coriander s bush inn,coriander-s-bush-inn-chijgqzqdrikmw0r05b8jmgjutc,NEW,6,6
Coriander's City,coriander s city,coriander-s-city-chij3fxxrhikmw0rt8-wudg1y-y,NEW,8,8
Corner Grill,corner grill,corner-grill-chijase8jlulmw0rhizwpmawi44,NEW,8,8
Costas Taverna Greek Restaurant and Ouzo Bar,costas taverna greek restaurant and ouzo bar,costas-taverna-greek-restaurant-and-ouzo-bar-chijo7cqjjolmw0runhb-ntbip0,NEW,3,3
costas taverna greek restaurant and ouzo bar,costas taverna greek restaurant and ouzo bar,costas-taverna-greek-restaurant-and-ouzo-bar-o4gnslz3y-9gjtgxlt-6cg,MERGED,2,5
Cranford Ale House,cranford ale house,cranford-ale-house-chijx2yx8mclmw0rck4gsezbcx4,NEW,5,5
Crazy Horse Hammersley (Formerly Erawan Thai),crazy horse hammersley formerly erawan thai,crazy-horse-hammersley-formerly-erawan-thai-chijqunxvxyjmw0rv1wgs7nbqes,NEW,7,7
crisp cafe & gifts,crisp cafe gifts,crisp-cafe-gifts-qxq0xt8ufmrbgahpzwx4xg,NEW,1,1
Curators House Restaurant,curators house restaurant,curators-house-restaurant-chijt4l5jj-kmw0rbxw-b-ouac,NEW,4,4
curators house restaurant,curators house restaurant,curators-house-restaurant-ufjfysatp0b2qoefxjp-mg,MERGED,17,21
Curry Deluxe Indian Takeaway Christchurch,curry deluxe indian takeaway christchurch,curry-deluxe-indian-takeaway-christchurch-chijhcnhckgjmw0rupd-db5hoek,NEW,8,8
Curry Junction,curry junction,curry-junction-chijlcxq8zsgmm0rgoz2fuumpdg,NEW,7,7
Curry Kingdom,curry kingdom,curry-kingdom-chijz13zmm31mw0ru3y6pmwquns,NEW,6,6
Curry Time Indian Restaurant,curry time indian restaurant,curry-time-indian-restaurant-chijm9dvzoilmw0rqdx7ukedlia,NEW,8,8
Daphne's Restaurant,daphne s restaurant,daphne-s-restaurant-chijfximjbekmw0rdrh3ogjtxak,NEW,4,4
darkroom,darkroom,darkroom-chijurtp5x-kmw0rjcsix5wwbls,NEW,6,6
Delilah,delilah,delilah-chijlwtn6folmw0ryrs8prxjyra,NEW,7,7
Denny’s Christchurch,denny s christchurch,dennys-christchurch-chij9xtnixqkmw0rm9tq-ie0bc,NEW,4,4
Dice & Slice,dice slice,dice-slice-chijz-abgl2lmw0r4wrlx8xcc-u,NEW,5,5
dimitris greek food,dimitris greek food,dimitris-greek-food-ajk8yf7vspbfhnug2mttmw,NEW,11,11
Diner 66 Christchurch,diner 66 christchurch,diner-66-christchurch-chiju0iebdekmw0r3qvjcdap5ow,NEW,4,4
divine cafe,divine cafe,divine-cafe-r5rfx4flrghg8pl3tbkbfq,NEW,1,1
DOMI SICHUAN SNACKS/哆咪四川小吃,domi sichuan snacks,domi-sichuan-snacks-chi-mi-si-chuan-xiao-chi-chijr-gzmzolmw0ro-n-r1paqg8,NEW,6,6
Don Don Sushi & Donburi,don don sushi donburi,don-don-sushi-donburi-chijwwvurmylmw0rdk8fvjhwsz8,NEW,8,8
Dosa Kitchen,dosa kitchen,dosa-kitchen-chijmyq-anolmw0rqmdjaqksbvq,NEW,7,7
dose diner,dose diner,dose-diner-pvlqdbhfajolfgxxwkhepa,NEW,6,6
Downstairs,downstairs,downstairs-chijrrgvu26lmw0ruw81e24p1p8,NEW,8,8
Dragon Garden Chinese Restaurant,dragon garden chinese restaurant,dragon-garden-chinese-restaurant-chijrurlh7ikmw0rgnbs5vixjco,NEW,7,7
Drexel's Breakfast Restaurant,drexel s breakfast restaurant,drexel-s-breakfast-restaurant-chijbv-ck-skmw0rgiwgfz4arws,NEW,7,7
DTA - Indian Restaurant Riccarton,dta indian restaurant riccarton,dta-indian-restaurant-riccarton-chijd4cjutolmw0rd41ezx9jot8,NEW,6,6
Dumplings on Riccarton,dumplings on riccarton,dumplings-on-riccarton-chijd-cjgpokmw0rfg1txm82a-s,NEW,5,5
Dux Central,dux central,dux-central-chijcyemcykkmw0rgxflkbkbvfw,NEW,4,4
dux central,dux central,dux-central-oljuq1r91yp4dcbdeolz2w,MERGED,4,8
Dux Dine,dux dine,dux-dine-chijub-b0f6kmw0rfpu-5uckrz0,NEW,7,7
Earl,earl,earl-chijb36fz4klmw0rbdtxpel9zca,NEW,7,7
earl,earl,earl-cxul9wjbfv7bv-avwjfdpw,MERGED,2,9
eden alley,eden alley,eden-alley-eufiebxijn1liquwwfjdsw,NEW,2,2
edo japanese restaurant,edo japanese restaurant,edo-japanese-restaurant-sje7oclizot5imaiayzgua,NEW,1,1
eightgrains dumpling,eightgrains dumpling,eightgrains-dumpling-k8mb-mtwj5gwaupvr7jypq,NEW,5,5
Eightgrains Dumplings & Bao,eightgrains dumplings bao,eightgrains-dumplings-bao-chij715fmhikmw0rh1e-yaiqlaw,NEW,5,5
Ekiben-Ya,ekiben ya,ekiben-ya-chij8zqbuxqjmw0ryen85x0h87g,NEW,7,7
El Fogón Grill,el fog n grill,el-fogon-grill-chij2uijkrikmw0ry-zvp1m-wgw,NEW,4,4
El Quincho - Argentine BBQ,el quincho argentine bbq,el-quincho-argentine-bbq-chijw-i2vx6lmw0rmf-5c73tzoo,NEW,6,6
Embankment Tavern,embankment tavern,embankment-tavern-chijxw-hipojmw0ruv2wkggrvm0,NEW,2,2
Emperor’s Kitchen 秦食,emperor s kitchen,emperors-kitchen-qin-shi-chijj3hjwk6lmw0ridbcvk5k-mg,NEW,5,5
Empire Chicken Riverside Market,empire chicken riverside market,empire-chicken-riverside-market-chijb5rqdoilmw0rbndk4dktwhs,NEW,6,6
Everest Indian Restaurant and Takeaway,everest indian restaurant and takeaway,everest-indian-restaurant-and-takeaway-chijd0wqgi2pmw0rrc8pmiofim0,NEW,7,7
Everest Indian Restaurant Woolston,everest indian restaurant woolston,everest-indian-restaurant-woolston-chijfylswtcjmw0rogwl1ggr3rc,NEW,5,5
Fat Eddie's,fat eddie s,fat-eddie-s-chijn5gxttykmw0rztx-w48ewe4,NEW,3,3
Ferry Indians Restaurant,ferry indians restaurant,ferry-indians-restaurant-chij-ctb9cjmw0rrb-3kl9puie,NEW,6,6
fiddlesticks,fiddlesticks,fiddlesticks-i9vsav6bo5ip-bzgrbs42g,NEW,34,34
Fiddlesticks Restaurant and Bar,fiddlesticks restaurant and bar,fiddlesticks-restaurant-and-bar-chijywualj6kmw0rjoegbuntpuy,NEW,8,8
Figo’s kitchen,figo s kitchen,figos-kitchen-chijxscncvalmw0rtyiwh5wujja,NEW,3,3
fisherman’s wharf,fisherman s wharf,fishermans-wharf-ef-7yuiopviuy9-elyfjpq,NEW,6,6
Five river food truck. Open 7 days 2 pm to 9 pm,five river food truck open 7 days 2 pm to 9 pm,five-river-food-truck-open-7-days-2-pm-to-9-pm-chijftwjvwclmw0rfofhz5ym5yg,NEW,7,7
Flavors Kebab & Biryani (Halal),flavors kebab biryani halal,flavors-kebab-biryani-halal-chijgqgvc2gfmm0reqhx1n-yxse,NEW,5,5
FOCUS Chinese Dining,focus chinese dining,focus-chinese-dining-chij1eglvuslmw0rlk697jlxryc,NEW,5,5
Foo San Restaurant 富山,foo san restaurant,foo-san-restaurant-fu-shan-chijtclww8gkmw0r-qydm6xsjlg,NEW,3,3
Foo Sing Chinese Takeway,foo sing chinese takeway,foo-sing-chinese-takeway-chij5whgj4wgmm0rlilmhyao4fq,NEW,4,4
Formaggio’s,formaggio s,formaggios-chijg7znjaygmm0rhibk4ngrbna,NEW,5,5
formaggio’s restaurant & pizzeria,formaggio s restaurant pizzeria,formaggios-restaurant-pizzeria-4vqfv3j6g7ewz6k0ffvytw,NEW,1,1
Fox & Ferret,fox ferret,fox-ferret-chijlque4hgjmw0rj-iu8ecsqqm,NEW,6,6
fox & ferret public ale house,fox ferret public ale house,fox-ferret-public-ale-house-lcehmz1z2pcl1wrvnvnpta,NEW,9,9
Francesca's Italian Kitchen Christchurch,francesca s italian kitchen christchurch,francesca-s-italian-kitchen-christchurch-chijqfaxpcskmw0rudor1swthfm,NEW,7,7
francesca’s italian kitchen,francesca s italian kitchen,francescas-italian-kitchen-ysvv17m2itigolqeg8iq1w,NEW,20,20
fresco fisheries,fresco fisheries,fresco-fisheries-e8rsumgncog-utwhxgkm0a,NEW,3,3
Fuji Restaurant 福记餐厅,fuji restaurant,fuji-restaurant-fu-ji-can-ting-chijx1pbt2clmw0rn3zwlcbdt9o,NEW,8,8
Garam Masala,garam masala,garam-masala-chij46hv5nujmw0ry7oexuiep1y,NEW,8,8
gatherings,gatherings,gatherings-5lyytx5wd2cytztgwhugrg,NEW,3,3
Gatherings Restaurant,gatherings restaurant,gatherings-restaurant-chijj0o8ejakmw0rmjf3yuwgsei,NEW,6,6
Gav's Endeavour,gav s endeavour,gav-s-endeavour-chijb9c4mbeimw0rm5tamhlrhuq,NEW,6,6
Gengy’s Christchurch,gengy s christchurch,gengys-christchurch-chijl9xditilmw0rbx5x9wzaw7o,NEW,6,6
gin gin,gin gin,gin-gin-chijkw-cb7glmw0re9s8w1lk834,NEW,6,6
Giovanni's Restaurant & Bar,giovanni s restaurant bar,giovanni-s-restaurant-bar-chijgyhxl3glmw0rylui-oqoyzm,NEW,8,8
Glenbyre Tavern,glenbyre tavern,glenbyre-tavern-chijb-ybscujmw0riaduqbowroo,NEW,5,5
Golden Boat Restaurant,golden boat restaurant,golden-boat-restaurant-chij2yf8fk71mw0rix3g7vmrrq8,NEW,6,6
Good Thai Restaurant,good thai restaurant,good-thai-restaurant-chij14fcitklmw0rr-krjlgzv8w,NEW,7,7
Gorkhali Chulo,gorkhali chulo,gorkhali-chulo-chijiydaejkhmm0rm1aiptrxs9o,NEW,5,5
gourmet seafoods shirley,gourmet seafoods shirley,gourmet-seafoods-shirley-mdymvyrk4gf3xmmiddmdsq,NEW,1,1
great wall restaurant,great wall restaurant,great-wall-restaurant-6b9yzjpqjhewadcoophrma,NEW,1,1
green chilli thai restaurant and takeaway,green chilli thai restaurant and takeaway,green-chilli-thai-restaurant-and-takeaway-vvt6jac-vsaop9iwqleyha,NEW,1,1
Green Leaf Indian Takeaways,green leaf indian takeaways,green-leaf-indian-takeaways-chijr88m9ralmw0riv3-p4-nali,NEW,7,7
Gumption Restaurant & Bar,gumption restaurant bar,gumption-restaurant-bar-chijubfmyzykmw0rl7fbxkklqjg,NEW,7,7
GunPowder Indian Restaurant & Bar Christchurch,gunpowder indian restaurant bar christchurch,gunpowder-indian-restaurant-bar-christchurch-chijgvfg7kipmw0re-8pylssnq8,NEW,6,6
GunPowder Indian Restaurant & Bar -Christchurch City,gunpowder indian restaurant bar christchurch city,gunpowder-indian-restaurant-bar-christchurch-city-chijjx0cfqslmw0rgqg5rloob0u,NEW,4,4
gustavs wine bar,gustavs wine bar,gustavs-wine-bar-buq-aqrkhvxeqi60mpouea,NEW,1,1
Hachi Hachi,hachi hachi,hachi-hachi-chiji3r6g8ekmw0rbjh-eh9f25i,NEW,6,6
Hachi Hachi,hachi hachi,hachi-hachi-chijutd0qiqjmw0rcdvve3vkha4,MERGED,6,12
hachi hachi,hachi hachi,hachi-hachi-mwnlwbv6tybej1lcd15laq,MERGED,17,29
Hang Seng Food Bar,hang seng food bar,hang-seng-food-bar-chijar-3sbmkmw0r-be4vpzrw2u,NEW,7,7
Hanoi Alley Vietnamese Street Food,hanoi alley vietnamese street food,hanoi-alley-vietnamese-street-food-chijxtlxiz2kmw0rtsvji-penje,NEW,6,6
Hard Wok Express,hard wok express,hard-wok-express-chijtuioeomjmw0rrj4pkrrbcf8,NEW,5,5
harrington’s - belfast,harrington s belfast,harringtons-belfast-copug-vv3sl9waqgyzkcxa,NEW,1,1
hell pizza,hell pizza,hell-pizza-pw8sl9ehh5bgrlugzqqtua,NEW,4,4
hello sunday,hello sunday,hello-sunday-93shri-gtjwcex0hbo1b5q,NEW,11,11
Hello Sunday,hello sunday,hello-sunday-chijx7h0ua6kmw0rodr1jmo3od0,MERGED,6,17
Hello Vietnam Restaurant,hello vietnam restaurant,hello-vietnam-restaurant-chijqzlbr-ukmw0r5jd-wgb8oto,NEW,6,6
hello vietnam restaurant,hello vietnam restaurant,hello-vietnam-restaurant-w1zcrxh4xlbphf7g60cema,MERGED,8,14
hells pizza,hells pizza,hells-pizza-eajfzmjqab5v-f-axwiabw,NEW,4,4
Herba Gourmet,herba gourmet,herba-gourmet-chij45bfdd2kmw0rytfenrmerfa,NEW,7,7
Hi Hot Pot,hi hot pot,hi-hot-pot-chijyxf5dzmlmw0ro0-7knfwkoi,NEW,6,6
HIBACHI Restaurant,hibachi restaurant,hibachi-restaurant-chijcehvvz2lmw0relw9tlii1x4,NEW,8,8
hikari sushi bar,hikari sushi bar,hikari-sushi-bar-vlxahcxn07m-xpsjtthlhq,NEW,3,3
Hikari Sushi Train,hikari sushi train,hikari-sushi-train-chijg7wktiwlmw0rd5xmuen2nqe,NEW,5,5
Hillary House Restaurant Christchurch,hillary house restaurant christchurch,hillary-house-restaurant-christchurch-chije8eftw-lmw0rnbpni8bf7x0,NEW,8,8
Himalayas Indian Restaurant City Centre Christchurch,himalayas indian restaurant city centre christchurch,himalayas-indian-restaurant-city-centre-christchurch-chijxxdrcdckmw0rgjre-uslbpe,NEW,7,7
himalayas indian restaurant & takeaways,himalayas indian restaurant takeaways,himalayas-indian-restaurant-takeaways-xd02buqdgxey0rnq8tabg,NEW,3,3
Hobson Indian Takeaways,hobson indian takeaways,hobson-indian-takeaways-chije-a3ffkjmw0rzguulihe1mu,NEW,8,8
Hoi An House,hoi an house,hoi-an-house-chijo1zqblshmm0rn6io0jy1sdk,NEW,8,8
holy smoke,holy smoke,holy-smoke-x1eipd7f-ryickkfoztkjg,NEW,1,1
Hong Kong Star Chinese Takeaway's,hong kong star chinese takeaway s,hong-kong-star-chinese-takeaway-s-chijev9-i5sgmm0rlsqmf5o9vuw,NEW,5,5
Hoon Hay Thai Restaurant,hoon hay thai restaurant,hoon-hay-thai-restaurant-chijg5hg33kgmm0rpqnlh-no5x8,NEW,8,8
Hornby Club,hornby club,hornby-club-chijpbkzdxz1mw0rchl1t5nu-q,NEW,4,4
Hungry Thaiger,hungry thaiger,hungry-thaiger-chijjchbj42lmw0rcxm99myf-ci,NEW,6,6
Hung’s Takeaway,hung s takeaway,hungs-takeaway-chijz4uihwgjmw0rndsc06to4eo,NEW,6,6
ilam seafoods,ilam seafoods,ilam-seafoods-a04eu-7eb-nkwux1yzycqw,NEW,1,1
Imperial Indian Takeaway,imperial indian takeaway,imperial-indian-takeaway-chij1ytplm-jmw0rye3xk6px1gy,NEW,4,4
inati,inati,inati-1wlci-ce9jggswos16lsmg,NEW,11,11
Inati restaurant,inati restaurant,inati-restaurant-chijes560z2kmw0rkq0hcgpdf54,NEW,3,3
Indian Dreams Linwood,indian dreams linwood,indian-dreams-linwood-chiji-0jggujmw0rbb72as3fihs,NEW,4,4
Indian Fendalton,indian fendalton,indian-fendalton-chij2akrlbylmw0r1it9mngxpto,NEW,5,5
Indian Grill ( HALAL ),indian grill halal,indian-grill-halal-chijfvz7hx-jmw0r1pafdna3urc,NEW,5,5
Indian Lotus Restaurant and Takeaway,indian lotus restaurant and takeaway,indian-lotus-restaurant-and-takeaway-chijkeer2xesmw0rjzvdwsupz68,NEW,5,5
Indian Moments - Indian Restaurant Christchurch,indian moments indian restaurant christchurch,indian-moments-indian-restaurant-christchurch-chijxyhdtmmjmw0rfuoas-dltpu,NEW,6,6
Indian Ocean Restaurant,indian ocean restaurant,indian-ocean-restaurant-chijuwuisceimw0rwks8hu8ywou,NEW,6,6
Indian Paradise (Halal),indian paradise halal,indian-paradise-halal-chijd6ds-wyjmw0rzvwd-f5cptg,NEW,3,3
Indian Pearl Restaurant,indian pearl restaurant,indian-pearl-restaurant-chijexsle5mlmw0ravoa0znt-a4,NEW,5,5
Indian Roots,indian roots,indian-roots-chijp0r5duifmm0rgrd9pul-i4s,NEW,5,5
Indian Springs Eatery,indian springs,indian-springs-eatery-chijcx8gd0qlmw0rx66rs9nasbm,NEW,6,6
Indian Vibes,indian vibes,indian-vibes-chijlx-exglmw0rgz1zggs4sku,NEW,7,7
Indian Zaika,indian zaika,indian-zaika-chijxswgy1clmw0r2gnikqguwni,NEW,4,4
Ippin Ramen & Bowl,ippin ramen bowl,ippin-ramen-bowl-chijtbvnrwulmw0ro-ronqt-zsc,NEW,6,6
Izumi sushi,izumi sushi,izumi-sushi-chijo-0ufsolmw0rncwgrjncgq8,NEW,8,8
J-BINGS,j bings,j-bings-chij831hejolmw0rzkhtc1xdofg,NEW,7,7
Jaba Grill and Bar,jaba grill and bar,jaba-grill-and-bar-chij9yyjsumlmw0rh7tr5df3yiy,NEW,8,8
joe’s garage,joe s garage,joes-garage-snprpeusrxupyglado1irg,NEW,1,1
johnny sausage,johnny sausage,johnny-sausage-gomms8qwtywbf3iwsmii-g,NEW,1,1
Jolin's Restaurant,jolin s restaurant,jolin-s-restaurant-chijkd8r9bekmw0rxnb01psayjy,NEW,6,6
Jolly Chinese Restaurant,jolly chinese restaurant,jolly-chinese-restaurant-chijkqmmjxwlmw0r4feehtj-fhe,NEW,6,6
Jolly Seafood Restaurant,jolly seafood restaurant,jolly-seafood-restaurant-chijqdp8tamgmm0rl20d-bp6kza,NEW,6,6
Jo’s Mart,jo s mart,jos-mart-chijwfwd-bejmw0risg-tq6-rgm,NEW,4,4
Joyful Restaurant,joyful restaurant,joyful-restaurant-chijlyecmxekmw0rbm6xvbbeny0,NEW,4,4
Jumbo Food Centre,jumbo food centre,jumbo-food-centre-chij981vegikmw0rvzqf0pufjmc,NEW,5,5
K-Sushi,k sushi,k-sushi-chijzrax8xyjmw0riqum4s-z0mq,NEW,5,5
Kaiser Brew Garden,kaiser brew garden,kaiser-brew-garden-chijm8vzxnulmw0rhtx1vlmuzno,NEW,7,7
Kanha Kitchen,kanha kitchen,kanha-kitchen-chijea03idclmw0rskdq0gs2e6c,NEW,7,7
Kathmandu MO:MO House,kathmandu mo mo house,kathmandu-mo-mo-house-chij27crnaalmw0rtwklgx-ui64,NEW,7,7
Katsubi Riccarton,katsubi riccarton,katsubi-riccarton-chijqxsibpokmw0rwg6q05j7mrc,NEW,4,4
Kens Takeaways,kens takeaways,kens-takeaways-chijofjhjmwlmw0rxujmavp8fpe,NEW,5,5
Kenzo Japanese Restaurant,kenzo japanese restaurant,kenzo-japanese-restaurant-chijc7omsieimw0rc5ys2ue6ahc,NEW,4,4
Khmer Cambodian Cuisine,khmer cambodian cuisine,khmer-cambodian-cuisine-chijf4yhej-lmw0ruwqhu9v8pbg,NEW,6,6
Khmer Satay Noodle House,khmer satay noodle house,khmer-satay-noodle-house-chijayeuopokmw0rqpytafa-kpm,NEW,8,8
khmer satay noodle house,khmer satay noodle house,khmer-satay-noodle-house-jmbnnbewbeduh-8uhrwrcq,MERGED,1,9
Kin Kin,kin kin,kin-kin-chijxxvqvj-lmw0rexf7mo1bjhi,NEW,7,7
king of charcoal,king of charcoal,king-of-charcoal-lpnxjdig5d3rwxnc1duyoq,NEW,1,1
King of Snake,king of snake,king-of-snake-chij9sy6qdekmw0r9vu19pt-tms,NEW,5,5
king of snake,king of snake,king-of-snake-qek1gk9vxeg7h3b4ezddiq,MERGED,48,53
Kinji Japanese Restaurant,kinji japanese restaurant,kinji-japanese-restaurant-chijh84p9ralmw0rzicm8ctqndi,NEW,6,6
kinji japanese restaurant,kinji japanese restaurant,kinji-japanese-restaurant-xsjtlyglovehtv9lfqmqha,MERGED,6,12
KK Vietnamese - Fish&Chip Takeaway,kk vietnamese fish chip takeaway,kk-vietnamese-fish-chip-takeaway-chijqx7cy3ilmw0rnsqvyhx4vwc,NEW,7,7
Koharu Sushi & Taiwanese food,koharu sushi taiwanese food,koharu-sushi-taiwanese-food-chijdsew3aylmw0rmy5kogudhvc,NEW,3,3
Koji Japanese Buffet Christchurch,koji japanese buffet christchurch,koji-japanese-buffet-christchurch-chij3w5uwbslmw0r8f5e0ktrkta,NEW,7,7
Kong,kong,kong-chijbypitdykmw0rb6vd4nkqxyc,NEW,4,4
Korea House (한국관),korea house,korea-house-hanguggwan-chijlxxruywlmw0rln5j2jd-leu,NEW,7,7
Korean Noodle Lounge,korean noodle lounge,korean-noodle-lounge-chijk2mirpwkmw0rn8aprsmbmsw,NEW,7,7
Kum Pun Thai Restaurant,kum pun thai restaurant,kum-pun-thai-restaurant-chij01slhtqkmw0rkptxkepnnny,NEW,5,5
KUMO Japanese Cuisine,kumo japanese cuisine,kumo-japanese-cuisine-chijb6fpi2wkmw0ratteebdpmh4,NEW,5,5
La Ruby Thai Restaurant,la ruby thai restaurant,la-ruby-thai-restaurant-chijquy155ijmw0rsfiupxd-xfw,NEW,8,8
Le Xom,le xom,le-xom-chijgfjqvciomm0r2qoqyelpsgk,NEW,7,7
leinster road bistro,leinster road bistro,leinster-road-bistro-rg0aqzamheglfsjyi7scxq,NEW,1,1
Little High Eatery,,little-high-eatery-chij715fmhikmw0r3l3ead1fvoc,NEW,6,6
little high eatery,,little-high-eatery-qio1rgleiltz4gjkepqhmw,MERGED,16,22
little india,little india,little-india-fhjxwpcg0l8-eqjqzyn8wg,NEW,7,7
Little India Merivale,little india merivale,little-india-merivale-chijzx-tk2lmw0ran73xdhokm4,NEW,6,6
Little India Spitfire,little india spitfire,little-india-spitfire-chij-zvzccf0mw0r0ijmwe-qzba,NEW,7,7
little poms,little poms,little-poms-8clo6gpxdnmzl-m9czhlqq,NEW,7,7
Little Poms cafe,little poms cafe,little-poms-cafe-chijj6dgbyijmw0rm22oga0bgpm,NEW,6,6
Little Spicy Chinese Restaurant,little spicy chinese restaurant,little-spicy-chinese-restaurant-chijxwotpxulmw0ra6gf20nhvt8,NEW,7,7
little taipei,little taipei,little-taipei-0oonutr7zbhfdihaxc-jcw,NEW,3,3
Little Vietnam Colombo,little vietnam colombo,little-vietnam-colombo-chijp-u2a4slmw0rkvjd4pm1bza,NEW,6,6
Liu’s Cuisine,liu s cuisine,lius-cuisine-chijw-o2hvslmw0ro6wld-705xq,NEW,5,5
LONDO,londo,londo-chij4vy4ukelmw0rfq1gz0hslri,NEW,6,6
lone star,lone star,lone-star-cyuuuwlfzfh7rf6pjyadnw,NEW,4,4
Lone Star Manchester Street,lone star manchester street,lone-star-manchester-street-chijfbtcmxmkmw0rqd-oyhxqdkk,NEW,6,6
lone star spitfire,lone star spitfire,lone-star-spitfire-kp60rgxha-hhnnkugiismw,NEW,5,5
Longtail Thai,longtail thai,longtail-thai-chij0dic46kjmw0rz8mseyud760,NEW,7,7
Lucky NINJA,lucky ninja,lucky-ninja-chijizmukzykmw0rxudqfmgcwwy,NEW,3,3
lyttleton coffee company,lyttleton coffee company,lyttleton-coffee-company-exhoasl1u36bpsufm3bckq,NEW,10,10
Madam Kwong's Restaurant,madam kwong s restaurant,madam-kwong-s-restaurant-chijcw1pp46kmw0robrzcp-0pyi,NEW,5,5
madam kwong’s restaurant,madam kwong s restaurant,madam-kwongs-restaurant-wkqubfkvhiwcthbwvubtxa,MERGED,2,7
madam woo christchurch,madam woo christchurch,madam-woo-christchurch-gajvnh5r1waq9vwd0hzb5g,NEW,1,1
maddison’s restaurant,maddison s restaurant,maddisons-restaurant-hmvdwfzqdylz-a0cloxpbq,NEW,1,1
maharaja,maharaja,maharaja-5erusl6megpnfixoftaafa,NEW,3,3
Maharaja indian restaurant/bar,maharaja indian restaurant bar,maharaja-indian-restaurant-bar-chij37nlvkclmw0r2j-k5lu8xps,NEW,7,7
Majestic at Mayfair,majestic at mayfair,majestic-at-mayfair-chijdze9p3slmw0ritgponxodme,NEW,7,7
malaysia delights,malaysia delights,malaysia-delights-f2qrkksyzu3cvgerpnj2lq,NEW,1,1
Malaysia Delights Riverside Kitchen,malaysia delights riverside kitchen,malaysia-delights-riverside-kitchen-chijsdybpqglmw0ragov1f5x0bk,NEW,5,5
Mali Jasmine Thai Restaurant,mali jasmine thai restaurant,mali-jasmine-thai-restaurant-chijfvvohswlmw0r5-ve2telnzm,NEW,8,8
Mama Ree Thai Street Food,mama ree thai street food,mama-ree-thai-street-food-chij89eo8zwkmw0rurwhhlhsypg,NEW,7,7
Mama San Christchurch,mama san christchurch,mama-san-christchurch-chijw8souf6lmw0r8etfqx2en9u,NEW,7,7
mamacita’s,mamacita s,mamacitas-7lpeqngww7hqpw-oeqthza,NEW,2,2
Manila Grill Filipino -Japanese Restaurant Christchurch,manila grill filipino japanese restaurant christchurch,manila-grill-filipino-japanese-restaurant-christchurch-chijj6f2f6kjmw0rvhr8cx7urhk,NEW,6,6
Manu Restaurant and Bar,manu restaurant and bar,manu-restaurant-and-bar-chiji-34ykwlmw0rhummr3nfgrw,NEW,7,7
Mashawe Mediterranean BBQ,mashawe mediterranean bbq,mashawe-mediterranean-bbq-chijbakqz-klmw0rqrvve6pdbd0,NEW,6,6
Maxine's Palace,maxine s palace,maxine-s-palace-chije-xxx3ukmw0rziux283c-eo,NEW,6,6
Mayor Of Ale,mayor of ale,mayor-of-ale-chijqxt4kuwlmw0rn6aqmrpdme0,NEW,4,4
May’s Thai (AKA Tarn’s Kitchen) on Wairakei Rd,may s thai aka tarn s kitchen on wairakei rd,mays-thai-aka-tarns-kitchen-on-wairakei-rd-chijj0-6rbalmw0rvkseevhogia,NEW,7,7
mcdonald’s,mcdonald s,mcdonalds-8ucicdtwpsieymoacubxew,NEW,3,3
Mediterranean Foods Trattoria & Deli,mediterranean foods trattoria deli,mediterranean-foods-trattoria-deli-chijg1kdih-kmw0r4xkvtwg9cja,NEW,5,5
Mee-Mee Thai Takeaways,mee mee thai takeaways,mee-mee-thai-takeaways-chijf2bffaglmw0rb9mfedqrd2i,NEW,6,6
Merrin Street Brewery Bar,merrin street brewery bar,merrin-street-brewery-bar-chijv9g3csr1mw0rgbybktb5dtm,NEW,7,7
mexicali fresh,mexicali fresh,mexicali-fresh-xhffn6-ku8bxzqdyqtlfka,NEW,4,4
Mexicano's,mexicano s,mexicano-s-chijf187cjekmw0ru-pa5w7iaom,NEW,5,5
mexicano’s,mexicano s,mexicanos-734syfnr8ouvj13isdxrkg,MERGED,33,38
mexico christchurch,mexico christchurch,mexico-christchurch-c7s7idizh68ve4kn1eh9ra,NEW,24,24
Mexico Christchurch,mexico christchurch,mexico-christchurch-chijje-0ecokmw0rjm-harka2rm,MERGED,7,31
MG Road Indian Cafe & Restaurant,mg road indian cafe restaurant,mg-road-indian-cafe-restaurant-chijkxoc78qlmw0r4yxzn3tvrdc,NEW,4,4
Micky Finn's,micky finn s,micky-finn-s-chijs9ezvjykmw0rnxoswjignyg,NEW,6,6
Midnight Shanghai,midnight shanghai,midnight-shanghai-chij3xt1ieglmw0rog2x2alrnfc,NEW,6,6
midnight shanghai,midnight shanghai,midnight-shanghai-wgfacurjetouluoi-h2n5w,MERGED,1,7
Midori Japanese Buffet,midori japanese buffet,midori-japanese-buffet-chijo527nlylmw0rsrcifyt3zwu,NEW,8,8
Miro,miro,miro-chij8f-h9bclmw0rog3ceq-qo1o,NEW,6,6
Mischief With Wine Cellardoor and Wine Bar,mischief with wine cellardoor and wine bar,mischief-with-wine-cellardoor-and-wine-bar-chij7xh6ol6lmw0rieinmuryglm,NEW,5,5
Miso Sushi and Donburi,miso sushi and donburi,miso-sushi-and-donburi-chijibh4u2qlmw0rk2gfhb3imsc,NEW,6,6
Miss Peppercorn 花椒小姐,miss peppercorn,miss-peppercorn-hua-jiao-xiao-jie-chijywvlfngpmm0rl-0kfofq3ke,NEW,5,5
Miss Saigon,miss saigon,miss-saigon-chijb2emyj2lmw0rv-xajojmate,NEW,5,5
mitchelli’s cafe rinato,mitchelli s cafe rinato,mitchellis-cafe-rinato-yge-3dd8v9tabtojdipamg,NEW,1,1
MIYABI Sushi Sushi (Burnside),miyabi sushi sushi burnside,miyabi-sushi-sushi-burnside-chijb9j-f7x0mw0rngtz8qxpmby,NEW,3,3
Money Bags Thai Takeaway,money bags thai takeaway,money-bags-thai-takeaway-chijfc7ewaeomm0rcaymyvgibg4,NEW,7,7
monster chicken,monster chicken,monster-chicken-2f3p57z25asllju0rpbs5w,NEW,4,4
Monster Chicken Hagley,monster chicken hagley,monster-chicken-hagley-chijdz-os4slmw0r8ksptla-gei,NEW,5,5
MOON UNDER WATER,moon under water,moon-under-water-chijdxk-paygmm0rqmtgchydnme,NEW,4,4
Moon Wah Takeaways,moon wah takeaways,moon-wah-takeaways-chijt8g3uuqimw0rpq-6qw-fv04,NEW,4,4
MoriMori,morimori,morimori-chijkshtehckmw0ritlg7yvpjzi,NEW,4,4
Morrell and Co.,morrell and co,morrell-and-co-chijlsfvfhukmw0roer8i9j69e8,NEW,5,5
morrell & co,morrell co,morrell-co-vwjvdho5jt633frbzn9bpa,NEW,5,5
mosaic by simo,mosaic by simo,mosaic-by-simo-ldkqznmnetzz8lug1c0kuq,NEW,1,1
Mr. Brightside Rooftop Bar,mr brightside rooftop bar,mr-brightside-rooftop-bar-chijz788vnmlmw0rqjlxjiicqxa,NEW,6,6
Mr Charcoal - CHCH炭烧时代基督城店,mr charcoal chch,mr-charcoal-chchtan-shao-shi-dai-ji-du-cheng-dian-chijm3nq3-almw0rtqrkteghgr0,NEW,5,5
MR.DON,mr don,mr-don-chijbchtvqcjmw0rtgzhcnua0ik,NEW,6,6
Mr.Katsu,mr katsu,mr-katsu-chijp2ostdylmw0ru3lsimmphqw,NEW,6,6
Mr Sushi,mr sushi,mr-sushi-chijjqfx5dmkmw0r44vi2y-dfmk,NEW,5,5
Mr Sushi,mr sushi,mr-sushi-chijscl9ma-kmw0r91tr7tn3uw0,MERGED,5,10
mr sushi,mr sushi,mr-sushi-pxx9rsjuweccvsfwhl36fq,MERGED,1,11
Mugen Sushi (CBD),mugen sushi cbd,mugen-sushi-cbd-chijdy6owgclmw0rcym68jpfb8a,NEW,7,7
Mugen Sushi (Moorhouse),mugen sushi moorhouse,mugen-sushi-moorhouse-chiju-hnbokmw0rejmghxaayhq,NEW,2,2
Mugen Sushi (Wigram),mugen sushi wigram,mugen-sushi-wigram-chija7l-waulmw0rxbblq-eiqrg,NEW,5,5
Mumbaiwala Christchurch,mumbaiwala christchurch,mumbaiwala-christchurch-chijvwun3jykmw0r-xnc8z4rsj4,NEW,5,5
mumbaiwala,mumbaiwala,mumbaiwala-cqyr-wgthqh-ijqewrr4ka,NEW,25,25
mum’s,mum s,mums-xqiyjthg6sa-rbvqmnd0hw,NEW,7,7
Muy Muy,muy muy,muy-muy-chijl5bpox-lmw0rfktaxfqm7ks,NEW,6,6
New Asia Takeaways,new asia takeaways,new-asia-takeaways-chij2-otzoilmw0rzbvsskwsr-s,NEW,5,5
New Brighton Club,new brighton club,new-brighton-club-chijlto2xz6imw0reykh87sxffo,NEW,5,5
New Regent Chicken & Chips,new regent chicken chips,new-regent-chicken-chips-chij76ll-0r1mw0r9ae4sfylibw,NEW,7,7
New Wah Takeaways,new wah takeaways,new-wah-takeaways-chijl9e-ca-kmw0rzunxcbb90rk,NEW,5,5
Ngon Ngon Banh Mi Cafe,ngon ngon banh mi cafe,ngon-ngon-banh-mi-cafe-chijh08p0jmlmw0r-qb2bcrxwdo,NEW,5,5
Nice Cook Chinese Buffet and Takeaway Restaurant,nice cook chinese buffet and takeaway restaurant,nice-cook-chinese-buffet-and-takeaway-restaurant-chijl-bdcdqlmw0rhabqq7qoum8,NEW,6,6
Nilesh Palace Indian Cuisine Belfast,nilesh palace indian cuisine belfast,nilesh-palace-indian-cuisine-belfast-chiju9gaajgmmw0r-syn0jzpu4q,NEW,7,7
No.4 Bar and Restaurant,no 4 bar and restaurant,no-4-bar-and-restaurant-chij17y7e7slmw0r2dgovd9ybyu,NEW,4,4
nobanno restaurant bar & cafe,nobanno restaurant bar cafe,nobanno-restaurant-bar-cafe-8mynkxrxsbrfgauapo9ufg,NEW,3,3
Noi Ferrymead,noi ferrymead,noi-ferrymead-chij1s7iqt-jmw0ri6z-olcsss4,NEW,8,8
nomnom kitchen,nomnom kitchen,nomnom-kitchen-ibpvtwlgbufgpfeigjqyla,NEW,2,2
NomNom Kitchen - Strowan,nomnom kitchen strowan,nomnom-kitchen-strowan-chijb725mkqlmw0r-0i-iodlyko,NEW,5,5
Noodle Monk - Thai Street Kitchen,noodle monk thai street kitchen,noodle-monk-thai-street-kitchen-chijc69ukhikmw0rs1cqa1cj2n4,NEW,6,6
noodle union,noodle union,noodle-union-40qfeh3nrg05hsf394eikg,NEW,1,1
Noodle Union,noodle union,noodle-union-chijxvdvangjmw0rrwthvobzjwo,MERGED,8,9
noodle,noodle,noodle-uweohy1k1eknvg1psfsrnw,NEW,1,1
NORI TABLE - City,nori table city,nori-table-city-chijn1oyp4elmw0rsaanzqkl0ye,NEW,6,6
NORI TABLE - The Tannery,nori table the tannery,nori-table-the-tannery-chija4xxk5unmm0rtuxcf93gxv8,NEW,6,6
north and south gourmet,north and south gourmet,north-and-south-gourmet-uuyfkpqlsu8xua-2ifn2bw,NEW,8,8
"Novelty Sweets & Restaurant, Papanui, Christchurch",novelty sweets restaurant papanui christchurch,novelty-sweets-restaurant-papanui-christchurch-chij7-xxhgylmw0rh5sy7cr-fhi,NEW,2,2
"Novelty Sweets & Restaurant, Sydenham, Christchurch",novelty sweets restaurant sydenham christchurch,novelty-sweets-restaurant-sydenham-christchurch-chijdbomd6glmw0rqesyz4nqhog,NEW,6,6
NUSARA | Thai,nusara thai,nusara-thai-chijc35a1wufc0gr1vgq9ealzdm,NEW,5,5
O.G.B Bar & Restaurant,o g b bar restaurant,o-g-b-bar-restaurant-chij037kscokmw0rnfe4xqlejma,NEW,8,8
O'Shea's Public House,o shea s public house,o-shea-s-public-house-chijozd5zmmjmw0rvgw9mazhesk,NEW,4,4
Oak 'n' Ferry,oak n ferry,oak-n-ferry-chij88cawdcjmw0rf6lr0ez8-wk,NEW,7,7
Odeon restaurant,odeon restaurant,odeon-restaurant-chijtufurjclmw0r0vroi2kc3mc,NEW,4,4
ogb,ogb,ogb-5zoai8-hcajxj4gnjqsadw,NEW,9,9
Oishii Sushi,oishii sushi,oishii-sushi-chijty52quglmw0rdfp-nxmqeom,NEW,5,5
Okonomi juju,okonomi juju,okonomi-juju-chijiyo8lfglmw0r4gulambxw-e,NEW,4,4
Old Street Asian Hawker Food,old street asian hawker food,old-street-asian-hawker-food-chij3vamjzklmw0rvq6qs6skjk0,NEW,7,7
omi sushi,omi sushi,omi-sushi-chijn2olhoelmw0r58xxg5noxs0,NEW,5,5
One Sushi Addington,one sushi addington,one-sushi-addington-chijg1qc4p6lmw0rloxkpez5w-u,NEW,5,5
orange house,orange house,orange-house-il-451h-5m9tmaasfqkzrw,NEW,2,2
Orange House Restaurant & Takeaways 大家乐餐馆,orange house restaurant takeaways,orange-house-restaurant-takeaways-da-jia-le-can-guan-chij15j4xbikmw0rhlxu7c0oi3s,NEW,8,8
Original Sin,original sin,original-sin-chijj2r8sj2kmw0r7p2rckn0xy4,NEW,7,7
original sin,original sin,original-sin-tnr2t-6wdkyj-jkmzrhx5a,MERGED,3,10
orleans,orleans,orleans-bshdyzrke3g-rcoxu2xdeg,NEW,19,19
Pacifica Kava Lounge - Christchurch,pacifica kava lounge christchurch,pacifica-kava-lounge-christchurch-chijkqwjopqlmw0rna15xmmavka,NEW,7,7
Paddy McNaughton's Irish Pub,paddy mcnaughton s irish pub,paddy-mcnaughton-s-irish-pub-chijj5ziaf2lmw0rct6zqiv9qf8,NEW,4,4
papas pizza,papas pizza,papas-pizza-1aecvcngjehzeeabhojrjq,NEW,2,2
passengers & co,passengers co,passengers-co-rungq0yw2zo8ljpuorlxha,NEW,1,1
pedro’s house of lamb,pedro s house of lamb,pedros-house-of-lamb-ygzys8qrzahhknfsopqtkg,NEW,21,21
Pegasus Arms,pegasus arms,pegasus-arms-chijrtr5zrwkmw0rbbmpu3jrwyc,NEW,5,5
Pepper Bridge Indian Resturant,pepper bridge indian resturant,pepper-bridge-indian-resturant-chijaz3hp3ukmw0rapjl-lskte4,NEW,5,5
pescatore,pescatore,pescatore-fdmpivdduvfl5zh-ctszlw,NEW,2,2
Phad Thai Restaurant,phad thai restaurant,phad-thai-restaurant-chijpuoib5yimw0r7lqnqwsl-cu,NEW,7,7
Phoenix Restaurant,phoenix restaurant,phoenix-restaurant-chijazqsj1olmw0roskfhy34bzw,NEW,6,6
pier side cafe,pier side cafe,pier-side-cafe-vv9kpldzeyrus9xo5n2bhw,NEW,1,1
pies and coffee,pies and coffee,pies-and-coffee-io-zvolugtpajscnnrdgra,NEW,1,1
Pink Lady Rooftop,pink lady rooftop,pink-lady-rooftop-chijy6mt962lmw0rwyakamy1p8q,NEW,7,7
Pint and Pony Sports Bar and Bottle Shop,pint and pony sports bar and bottle shop,pint-and-pony-sports-bar-and-bottle-shop-chijo1-zur0fmm0rb9kkmbshtlo,NEW,5,5
Pomeroy's Old Brewery Inn,pomeroy s old brewery inn,pomeroy-s-old-brewery-inn-chijfrzhbyijmw0rdvviupy0e38,NEW,6,6
portershed,portershed,portershed-o7caz3l5wxwmpwe2xkvoug,NEW,3,3
Portershed Specialty Café & Store,portershed specialty caf store,portershed-specialty-cafe-store-chij6sbhlnukmw0r33hq8b56rji,NEW,7,7
Pot Sticker Dumpling Bar,pot sticker dumpling bar,pot-sticker-dumpling-bar-chijoc4rbskkmw0rhoha2gbginw,NEW,5,5
pot sticker dumpling bar,pot sticker dumpling bar,pot-sticker-dumpling-bar-do7ayiklaaywpppz3cryww,MERGED,12,17
Pothichor,pothichor,pothichor-chijd9yt-omfmm0r1qwoekzl0-k,NEW,5,5
prince of persia,prince of persia,prince-of-persia-xy8obywnwugkngmznsvbxq,NEW,1,1
Protocol,protocol,protocol-chijx7a3mbogmm0rd3b9etqxr6q,NEW,2,2
Punky Brewster - Bar and Fillery,punky brewster bar and fillery,punky-brewster-bar-and-fillery-chij65sebmgkmw0rwp-cwqgtn8y,NEW,5,5
pure cafe co.,pure cafe co,pure-cafe-co-pg1djsdu9vsp6wljcxrxaw,NEW,1,1
Ramen Miyako,ramen miyako,ramen-miyako-chijzya-jqklmw0rbsidep-dfiw,NEW,7,7
Ramen Ria,ramen ria,ramen-ria-chijkeb3dl-lmw0ruuyqlfirdia,NEW,5,5
RAMEN×MUSIC Fumetan,ramen music fumetan,ramenxmusic-fumetan-chijrqrbjxqlmw0rdhuopzgwx3y,NEW,5,5
Rangoon Ruby Christchurch New Zealand,rangoon ruby christchurch new zealand,rangoon-ruby-christchurch-new-zealand-chijvrqeozqkmw0rvozt5-r0g18,NEW,8,8
rangoon ruby,rangoon ruby,rangoon-ruby-ncarbbvdnfxt82qcte4iga,NEW,5,5
Rascal,rascal,rascal-chijbbp6irwlmw0r0so7-ib-2zg,NEW,7,7
raw sugar cafe,raw sugar cafe,raw-sugar-cafe-bvixqkztptufvw1tmupriq,NEW,1,1
reality bites,reality bites,reality-bites-zmiuhjkp5pyg2jumfrd7yw,NEW,1,1
Red Bowl Chinese Restaurant,red bowl chinese restaurant,red-bowl-chinese-restaurant-chijsy9we2ckmw0r7lxy1x79-wy,NEW,7,7
red elephant,red elephant,red-elephant-9ih4d4gfvmldl1lpazut7q,NEW,1,1
Red Elephant @Sydenham,red elephant sydenham,red-elephant-sydenham-chijv0tsmqikmw0r5qi1dkgu6l8,NEW,7,7
Red Orchid Thai Takeaway,red orchid thai takeaway,red-orchid-thai-takeaway-chijp6k69isjmw0rldbclenyw64,NEW,3,3
red rock cafe,red rock cafe,red-rock-cafe-eynkegproyine9cojjnna,NEW,2,2
RedPoppyThai Restaurant,redpoppythai restaurant,redpoppythai-restaurant-chijmelj8gojmw0recnj1ydrsgi,NEW,7,7
Retropolitan Social,retropolitan social,retropolitan-social-chijueaeb2wkmw0rgo0nfiiulzg,NEW,5,5
Riccarton Noodle House,riccarton noodle house,riccarton-noodle-house-chijzzxbyfskmw0rbcyqicmxjg8,NEW,7,7
riccarton noodle house,riccarton noodle house,riccarton-noodle-house-f5wbfkjuommofxvpxk-nzw,MERGED,3,10
Riverside Cantina,riverside cantina,riverside-cantina-chijm5tunaclmw0rjat0bz8wo-q,NEW,7,7
roast ease,roast ease,roast-ease-4-5fjg5fljnhezry9nqrxw,NEW,1,1
Robbies Riccarton Sports Bar & Restaurant,robbies riccarton sports bar restaurant,robbies-riccarton-sports-bar-restaurant-chijgvi-8pskmw0rtglj-n4bi8k,NEW,6,6
robert harris,robert harris,robert-harris-6kg47efszeaco6ixmjd-w,NEW,1,1
ROCA,roca,roca-chijgf1prwelmw0r9gpjzpvbujw,NEW,5,5
rogues of rotherham,rogues of rotherham,rogues-of-rotherham-vwaikdfb-y0wfnn0eylk3g,NEW,1,1
Rollicious Vietnamese Streetfood & Catering,rollicious vietnamese streetfood catering,rollicious-vietnamese-streetfood-catering-chijvyxpa6ilmw0rcbohbigmksy,NEW,8,8
Rose and Thistle,rose and thistle,rose-and-thistle-chijwf4vukglmw0reeg-4ztexai,NEW,6,6
rose cafe,rose cafe,rose-cafe-jqpxvmsuo1zf8cibaakcuw,NEW,2,2
Roti Chai Indian Street Kitchen Halswell,roti chai indian street kitchen halswell,roti-chai-indian-street-kitchen-halswell-chijjrfl3uqhmm0r01lstt6zuni,NEW,7,7
Royal Tandoor,royal tandoor,royal-tandoor-chijiym1gaygmm0rdmlixq49nww,NEW,6,6
Royal Tandoor Indian cuisine,royal tandoor indian cuisine,royal-tandoor-indian-cuisine-chijo5nz3nyjmw0rebvqditgycy,NEW,7,7
Saffron Spice Indian Cuisine,saffron spice indian cuisine,saffron-spice-indian-cuisine-chijjzrpiq-1mw0rlx51fxrutr8,NEW,6,6
Saigon Centre,saigon centre,saigon-centre-chijgx9-ubklmw0rlah477bmigs,NEW,7,7
Saigon Sister Kaiapoi,saigon sister kaiapoi,saigon-sister-kaiapoi-chijc6qjclurmw0rrvud-a8qt6y,NEW,6,6
Saigon Sister Riccarton,saigon sister riccarton,saigon-sister-riccarton-chijgfywqh6lmw0r0t5etcmg5eu,NEW,5,5
Saigon Star,saigon star,saigon-star-chij7ywfapwkmw0rnvvtlwtbci4,NEW,6,6
saigon star,saigon star,saigon-star-m80xgbcvqm2fefqhsluz0a,MERGED,1,7
Saket Indian Restaurant - Edgeware,saket indian restaurant edgeware,saket-indian-restaurant-edgeware-chijdyjtobslmw0rqxceg7jdocu,NEW,6,6
Saket Indian Restaurant - Opawa,saket indian restaurant opawa,saket-indian-restaurant-opawa-chijx40jfokjmw0rtk3o2ihfaqe,NEW,8,8
Sakimoto Japanese Bistro,sakimoto japanese bistro,sakimoto-japanese-bistro-chijdds4acokmw0r-amtiyzdds0,NEW,7,7
Sakura Japanese Cuisine,sakura japanese cuisine,sakura-japanese-cuisine-chijsbhlgbikmw0rht5olqrvziu,NEW,5,5
Samairaz Indian Restaurant,samairaz indian restaurant,samairaz-indian-restaurant-chij-ft1p8spmw0rjrxe3cn6eq0,NEW,6,6
Sampan House,sampan house,sampan-house-chijnqv9niskmw0rjk61-gtq6du,NEW,8,8
sampan house restaurant,sampan house restaurant,sampan-house-restaurant-qkljmx-gkliqgxvm9grca,NEW,7,7
Samurai Bowl,samurai bowl,samurai-bowl-chijebmvcbekmw0rnqz4pk3f-aw,NEW,8,8
Samurai Bowl Wairakei Japanese Restaurant,samurai bowl wairakei japanese restaurant,samurai-bowl-wairakei-japanese-restaurant-chiji2t7pumlmw0rgrfgva2hhdo,NEW,6,6
samurai bowl,samurai bowl,samurai-bowl-zvykvu-01xfmlg1q1dwz7a,MERGED,6,14
Samurai Sushi,samurai sushi,samurai-sushi-chijwy0vv4kjmw0rhz8g7txidcm,NEW,4,4
San San,san san,san-san-chijs84dapohmm0rl3qhz5213ki,NEW,6,6
SASUKE Riccarton,sasuke riccarton,sasuke-riccarton-chijzzv7q-wkmw0rhhf7mwyafww,NEW,6,6
Savoire Cafe & Wine Bar,savoire cafe wine bar,savoire-cafe-wine-bar-chijmydzelolmw0rc4vimbrtsoa,NEW,6,6
Schroeders Tavern,schroeders tavern,schroeders-tavern-chijtvvyrtelmw0r-8oktl2z-xo,NEW,3,3
Sema's Thai Cuisine,sema s thai cuisine,sema-s-thai-cuisine-chij07sqgtklmw0r-rrb764z-g0,NEW,6,6
SEOULFUL TABLE,seoulful table,seoulful-table-chijh-doy5ulmw0r1k56qicqriy,NEW,6,6
Serve Social,serve social,serve-social-chij7rk0x4ylmw0rnx6egg-vhwo,NEW,5,5
Sesame Sushi & Asian Fusion,sesame sushi asian fusion,sesame-sushi-asian-fusion-chiju4molq-kmw0ryikprl-0ide,NEW,5,5
sevanti rest & bar,sevanti rest bar,sevanti-rest-bar-mjxpoofh2yo7kh-bgbzsa,NEW,1,1
Seven Dining,seven dining,seven-dining-chijawa5xv6lmw0rr-xi2tuwgio,NEW,6,6
Shamiana Cuisines of India,shamiana cuisines of india,shamiana-cuisines-of-india-chijbzgl3ngjmw0rrl9td1g5oq4,NEW,6,6
Shamiana Cuisines Of India,shamiana cuisines of india,shamiana-cuisines-of-india-chije9ephxz1mw0rodz5ceynth0,MERGED,7,13
Shamiana Indian,shamiana indian,shamiana-indian-chijfzj2vb6jmw0rx7bkndnslqy,NEW,6,6
Shamiana Palms,shamiana palms,shamiana-palms-chijme-p-rmjmw0rp41ccm7fl98,NEW,7,7
Shamiana Riccarton,shamiana riccarton,shamiana-riccarton-chijqrpoc-okmw0rq-pnlisauae,NEW,7,7
Shanghai Bistro and Bar,shanghai bistro and bar,shanghai-bistro-and-bar-chijf2r2x3ukmw0rllvdq-khcqc,NEW,5,5
Shanghai Restaurant,shanghai restaurant,shanghai-restaurant-chijz3h4942lmw0rochxfwgvn0s,NEW,6,6
Shanghai Street Dumplings,shanghai street dumplings,shanghai-street-dumplings-chijiecjzbikmw0r9mglqwablh0,NEW,3,3
silver dolphin,silver dolphin,silver-dolphin-gerbcswshpego6hp3i1j2w,NEW,1,1
Simply Delicious,simply delicious,simply-delicious-chijq3nlwtz1mw0rdcvquopc4zw,NEW,6,6
six ounces,six ounces,six-ounces-chijxsvxbaklmw0rktipcqslkag,NEW,4,4
slick burgers,slick burgers,slick-burgers-rducilp2lsimmj7659edha,NEW,1,1
Smash Palace,smash palace,smash-palace-chijbrywpzakmw0rfoby-lhy0fs,NEW,6,6
smoke ‘n’ barrel,smoke n barrel,smoke-n-barrel-jq2-nbjmc1qvtmng3ikceq,NEW,1,1
Smokey T's,smokey t s,smokey-t-s-chij78zg4holmw0rbh5zus-mdc8,NEW,5,5
Songkran Thai Takeaway,songkran thai takeaway,songkran-thai-takeaway-chij6xonugczmm0r8nczk-om33y,NEW,6,6
Soshite Hikari,soshite hikari,soshite-hikari-chijg1d22tqlmw0rmuh3xtyxn-m,NEW,8,8
Soul Quarter,soul quarter,soul-quarter-chij-0ugn2almw0rvjcrbhk85we,NEW,6,6
South Garden Chinese Restaurant 南园中餐,south garden chinese restaurant,south-garden-chinese-restaurant-nan-yuan-zhong-can-chijze7jfv6lmw0rcd9pjoxcvti,NEW,5,5
South Of India,south of india,south-of-india-chijw-ntn56imw0rtd72qbdcbpm,NEW,6,6
Southern Asian Restaurant 潮州餐馆,southern asian restaurant,southern-asian-restaurant-chao-zhou-can-guan-chij2se8qrekmw0rjqmigewgitk,NEW,6,6
Space Academy,space academy,space-academy-chijhyf6wpwjmw0rrflsesfd5gs,NEW,5,5
Spagalimis Pizzeria Restaurant and Bar,spagalimis pizzeria restaurant and bar,spagalimis-pizzeria-restaurant-and-bar-chij8rltyjekmw0rmp3uuweaf8s,NEW,6,6
spagalimis,spagalimis,spagalimis-xfh4iz-bvcf-z6vmn-iu-w,NEW,5,5
Spartan Greek cafe and restaurant,spartan greek cafe and restaurant,spartan-greek-cafe-and-restaurant-chijx-zic6ulmw0rbynfdgkajx8,NEW,7,7
Speight's Ale House Tower Junction,speight s ale house tower junction,speight-s-ale-house-tower-junction-chijyafhf2kkmw0rtndml7nzhic,NEW,6,6
Spice Hub,spice hub,spice-hub-chijoylwh9cnmm0rn-rwi2fuvwu,NEW,7,7
spice paragon,spice paragon,spice-paragon-im25oy9g8lxb8uhgkeryiq,NEW,5,5
st germain,st germain,st-germain-im8m-z1qhixkqlwjubgcwg,NEW,3,3
St Pierres Sushi & Bento Bowl (Colombo St),st pierres sushi bento bowl colombo st,st-pierres-sushi-bento-bowl-colombo-st-chij6yu7pgikmw0roeictgnivtk,NEW,6,6
St Pierres Sushi & Bento Bowl (Northlands),st pierres sushi bento bowl northlands,st-pierres-sushi-bento-bowl-northlands-chijotgfuz-lmw0ra8z6sapwrd8,NEW,6,6
St Pierres Sushi & Bento Bowl (South City),st pierres sushi bento bowl south city,st-pierres-sushi-bento-bowl-south-city-chij6rmf3jykmw0r-as5wzjzbzq,NEW,6,6
"St Pierres Sushi (Blenheim Rd, Christchurch)",st pierres sushi blenheim rd christchurch,st-pierres-sushi-blenheim-rd-christchurch-chijo23qao6kmw0rnntkp-ap9vm,NEW,3,3
St Pierres Sushi (Riccarton),st pierres sushi riccarton,st-pierres-sushi-riccarton-chijoyqxgf-kmw0rjp4evyiqfye,NEW,4,4
Steampunk Laboratory,steampunk laboratory,steampunk-laboratory-chijtd6-ybikmw0rsjrmlbycpgw,NEW,4,4
Story,story,story-chij7d39ftmlmw0rn0snmq95v7c,NEW,6,6
straits cafe,straits cafe,straits-cafe-9enj3s8xlo0vcfghwprzma,NEW,1,1
strawberry fare,strawberry fare,strawberry-fare-2tzgpmg4ybedrocw-qermg,NEW,40,40
Strawberry Fare,strawberry fare,strawberry-fare-chij8ad5mdqkmw0r1b6ad2bfqxg,MERGED,8,48
styx and stone,styx and stone,styx-and-stone-ganqq56mdsx0om4i-f6xqq,NEW,4,4
Sugarhorse Bar & Eatery | Function Venue,sugarhorse bar function venue,sugarhorse-bar-eatery-function-venue-chijbwe28gykmw0rct4p2yonkdc,NEW,3,3
sugarhorse,sugarhorse,sugarhorse-etwt04wh-hndfnbwhhqgtw,NEW,1,1
SUMO'S Restaurant and Cafe,sumo s restaurant and cafe,sumo-s-restaurant-and-cafe-chijdydra1qlmw0refppp9-cnei,NEW,8,8
Sun Ning Takeaways,sun ning takeaways,sun-ning-takeaways-chij-ig4ojmw0ricyq-msyxwc,NEW,8,8
Super Wok Chinese Takeaway,super wok chinese takeaway,super-wok-chinese-takeaway-chij9fez-6kjmw0rrfhx0oscodg,NEW,5,5
Supreme Chinese Takeaways,supreme chinese takeaways,supreme-chinese-takeaways-chijaym0sdelmw0rmqrewroytdi,NEW,6,6
Sura Sushi,sura sushi,sura-sushi-chij45hr1skkmw0rxjoqi6eu8ia,NEW,6,6
SuRa Sushi & Donburi,sura sushi donburi,sura-sushi-donburi-chijpbz4xwglmw0rgmcg06td76a,NEW,4,4
SuRa Teppanyaki,sura teppanyaki,sura-teppanyaki-chijwrdtfmf0mw0rdg-uk7pm0w8,NEW,6,6
Sushi Ball House,sushi ball house,sushi-ball-house-chijc-foz12jmw0rak4t-rszumm,NEW,4,4
Sushi Ball House,sushi ball house,sushi-ball-house-chijyforovmlmw0rwewl3q-ccbk,MERGED,2,6
Sushi Cafe,sushi cafe,sushi-cafe-chij1fy-uqikmw0r66qqeduvycc,NEW,6,6
Sushi Court,sushi court,sushi-court-chij-w-zza2lmw0rrqjtbiqegju,NEW,8,8
Sushi Express,sushi express,sushi-express-chijsv2je-okmw0rirjnv2xokzy,NEW,7,7
"Sushi Express, Shirley",sushi express shirley,sushi-express-shirley-chijnzn4p26jmw0rttllnefq3b0,NEW,3,3
Sushi Fresh,sushi fresh,sushi-fresh-chijb5bqq9wlmw0rz7u5d-jlqxg,NEW,7,7
Sushi Kim,sushi kim,sushi-kim-chij1xacv9cjmw0rkkj5xoi8yx4,NEW,6,6
Sushi mart,sushi mart,sushi-mart-chijz2eeyncgmm0r4njtoivpga8,NEW,6,6
Sushi Pop,sushi pop,sushi-pop-chijs8h-ixalmw0rqtrk2jm2yak,NEW,7,7
Sushi Rice Box Japanese Food Bar,sushi rice box japanese food bar,sushi-rice-box-japanese-food-bar-chijq47anxmkmw0rezujb7owkdi,NEW,8,8
Sushi Shop Riccarton,sushi shop riccarton,sushi-shop-riccarton-chijdbsqbwclmw0rbf7mgxpfvuu,NEW,7,7
Sushi Soldier,sushi soldier,sushi-soldier-chij715fmhikmw0rsii-ocdaati,NEW,7,7
sushi soldier,sushi soldier,sushi-soldier-x4dytncj7sfq1w06cj16tq,MERGED,3,10
Sushi Time,sushi time,sushi-time-chij81-wibekmw0rft6y-mn5e-0,NEW,5,5
SUSHi WORLD,sushi world,sushi-world-chij3desfrolmw0rxdwbmwu1ekw,NEW,4,4
Sushi Ya Burnside,sushi ya burnside,sushi-ya-burnside-chijkzh3ubalmw0rp1p3o-jwyhi,NEW,7,7
Sushitime Avonhead,sushitime avonhead,sushitime-avonhead-chijcypg8cn1mw0riljzshc4g6c,NEW,7,7
T sushi Ferrymead,t sushi ferrymead,t-sushi-ferrymead-chijdatpuiiimw0ruoq4hilc8ec,NEW,6,6
Taberu,taberu,taberu-chij16rq6oajmw0rcv5hfqucx9m,NEW,8,8
Table at Monks Coffee and Eatery,table at monks coffee and,table-at-monks-coffee-and-eatery-chijm9vljyskmw0rv-hqhpnbywu,NEW,5,5
table of munchies,table of munchies,table-of-munchies-ccvecn-qhq1qrkywcawlwa,NEW,1,1
Table of Munchies (TOM),table of munchies tom,table-of-munchies-tom-chijhqfwkuolmw0rsbw3uyqlxxi,NEW,7,7
Taichi Restaurant,taichi restaurant,taichi-restaurant-chiju6m7onalmw0r9brzczford4,NEW,6,6
Tanoshi Christchurch,tanoshi christchurch,tanoshi-christchurch-chij-3bod9qlmw0r4okkg02foau,NEW,6,6
taste of egypt,taste of egypt,taste-of-egypt-fgl6yyxdjbx59y16pp0euq,NEW,1,1
Tasty Thai Takeaway,tasty thai takeaway,tasty-thai-takeaway-chijtwhxepmlmw0rvra1wsrj5c8,NEW,8,8
Tavern Harewood,tavern harewood,tavern-harewood-chij-xkfcwmlmw0rm-kbgfmjqqq,NEW,5,5
Te Kai Pie Bakery & Cafe,te kai pie bakery cafe,te-kai-pie-bakery-cafe-chij17flvlojmw0r2hdgrnxwxss,NEW,8,8
terrace tavern,terrace tavern,terrace-tavern-iuezxsqtqumazrvhh7boza,NEW,7,7
Thai Box,thai box,thai-box-chijxyx7ybikmw0rj2b79xvt1-y,NEW,7,7
Thai Chef's Restaurant Christchurch,thai chef s restaurant christchurch,thai-chef-s-restaurant-christchurch-chijffkwelykmw0rkksuqj3miki,NEW,6,6
thai chef’s restaurant,thai chef s restaurant,thai-chefs-restaurant-a0mhnjrslyop47oay8ueag,NEW,2,2
Thai Container,thai container,thai-container-chijyzdzizgkmw0rnj9fdpz9hjq,NEW,5,5
thai container,thai container,thai-container-wyiisj8d-b0sfhca-iowqg,MERGED,10,15
Thai Garden (Cranford St),thai garden cranford st,thai-garden-cranford-st-chijuaff5zolmw0ryncium4ngjg,NEW,6,6
Thai Orchid Restaurant,thai orchid restaurant,thai-orchid-restaurant-chijmz8lpf6kmw0rvkh2bm-c2sg,NEW,7,7
thai orchid restaurant,thai orchid restaurant,thai-orchid-restaurant-hut36uq0v1mcat9w-znaaa,MERGED,17,24
Thai Po Thong Restaurant,thai po thong restaurant,thai-po-thong-restaurant-chijdrds-qclmw0r4mohbcysycw,NEW,6,6
Thai Rendezvous,thai rendezvous,thai-rendezvous-chijt3hfezwgmm0rvzzu5n3sijq,NEW,2,2
the afghan restaurant,the afghan restaurant,the-afghan-restaurant-9xkepuea9xipnemepxyuaq,NEW,2,2
The Athens Yacht Club,the athens yacht club,the-athens-yacht-club-chij9rm7u4ylmw0ryjxaeaizuhy,NEW,5,5
The Avonhead Tavern and One Good Horse Restaurant,the avonhead tavern and one good horse restaurant,the-avonhead-tavern-and-one-good-horse-restaurant-chijay7iay-1mw0r5sxaqaowuho,NEW,4,4
The Bangalore Polo Club Christchurch,the bangalore polo club christchurch,the-bangalore-polo-club-christchurch-chij9axksj2kmw0rl4c0fdm-wcg,NEW,6,6
The Bealey,the bealey,the-bealey-chij38v-3sukmw0rgkh7-620wmg,NEW,6,6
The best grill,the best grill,the-best-grill-chijjsqywj2lmw0rgcaa5tbdrbw,NEW,7,7
The Birdwood,the birdwood,the-birdwood-chijctuiiligmm0ritweq0s6lks,NEW,5,5
the birdwood,the birdwood,the-birdwood-gvkzdnpvxtrt8l91avb1kq,MERGED,1,6
The Black Horse Hotel,the black horse hotel,the-black-horse-hotel-chijm8kxihggmm0rpbs-lo3edbk,NEW,5,5
The Bog,the bog,the-bog-chije5pv-zmkmw0rdqh2ntjsmtq,NEW,6,6
The Bombay Brasserie,the bombay brasserie,the-bombay-brasserie-chij0-cxzokjmw0rb0ywhvipfwy,NEW,5,5
The Bower,the bower,the-bower-chijudessuqimw0resa3hrfsk60,NEW,3,3
The Brewers Christchurch Bar Pub & Restaurant,the brewers christchurch bar pub restaurant,the-brewers-christchurch-bar-pub-restaurant-chijvy1qklslmw0rmztrbomxmjy,NEW,6,6
the bridge restaurant & bar,the bridge restaurant bar,the-bridge-restaurant-bar-ni-pysol-0x59iocovcsxq,NEW,2,2
the caffeine laboratory,the caffeine laboratory,the-caffeine-laboratory-kud25fjwbg069ko30hryeg,NEW,9,9
the camden restaurant & bar,the camden restaurant bar,the-camden-restaurant-bar-fisqiwxjhevszft-vt1llg,NEW,1,1
The China Kitchen,the china kitchen,the-china-kitchen-chijq4zrtaclmw0r1k-jta1zbkk,NEW,8,8
the china kitchen,the china kitchen,the-china-kitchen-xs3o1tj94gvt2qo6tg1b-g,MERGED,1,9
The Church Pub,the church pub,the-church-pub-chij5wtrp0slmw0rxlap4yvz4ye,NEW,7,7
The Core Bar & Grill,the core bar grill,the-core-bar-grill-chijstqdg8-lmw0rmmuyh2cyuw4,NEW,4,4
The Craft Embassy,the craft embassy,the-craft-embassy-chijpr4psd2kmw0rjwzg9j-atwy,NEW,6,6
The Craic Irish Bar,the craic irish bar,the-craic-irish-bar-chij04ycsvwkmw0r0ibjdhrno3m,NEW,5,5
The Dirty Land,the dirty land,the-dirty-land-chijb-yqnzekmw0rnihvxn9glve,NEW,7,7
The Dish,the dish,the-dish-chijt8ebfsalmw0r4aw4mokq3ps,NEW,5,5
The Diversity Restaurant,the diversity restaurant,the-diversity-restaurant-chij54vnu-ormw0rxcawq73vsx8,NEW,6,6
The Dragon Express Restaurant,the dragon express restaurant,the-dragon-express-restaurant-chijswfrsvwkmw0rpkjsj3y3bnc,NEW,6,6
the dragon express restaurant,the dragon express restaurant,the-dragon-express-restaurant-sdfuevfc99tzmgr1okuuba,MERGED,2,8
The Elmwood Trading Co,the elmwood trading co,the-elmwood-trading-co-chij-8ohpqqlmw0rhld5qzrstge,NEW,5,5
The Fitz 2 Sports Bar,the fitz 2 sports bar,the-fitz-2-sports-bar-chijq3qz1-ojmw0rhpfgqn6txl8,NEW,4,4
The Foundry,the foundry,the-foundry-chijwqb-x8okmw0rridqmkj5xmw,NEW,7,7
The Fox,the fox,the-fox-chijbv-ck-skmw0rnlfkwblw0l0,NEW,5,5
The Goldfinch,the goldfinch,the-goldfinch-chijdbabxzglmw0rnvj2wma-78y,NEW,8,8
"The Great India, Christchurch",the great india christchurch,the-great-india-christchurch-chijvwkxvqkjmw0rcixjflsa20u,NEW,6,6
the grey robin,the grey robin,the-grey-robin-dceep2eqie6xpexzhpbc-g,NEW,1,1
The Guardian Bar & Grill,the guardian bar grill,the-guardian-bar-grill-chijkasdcyelmw0r0xnjikyjncm,NEW,4,4
The Hokitika Sandwich Company - Christchurch,the hokitika sandwich company christchurch,the-hokitika-sandwich-company-christchurch-chijnzrw3vilmw0rom8cqpcbjv8,NEW,5,5
The Indian Bites,the indian bites,the-indian-bites-chijowiiiyqlmw0rv5d-23b0cdo,NEW,6,6
The Kingfisher Wigram,the kingfisher wigram,the-kingfisher-wigram-chijycj2l-4fmm0ru-4vytrdfwq,NEW,6,6
The Lane,the lane,the-lane-chijpfix9v2lmw0r9tdyhxz3odk,NEW,7,7
The Last Word,the last word,the-last-word-chijk5paviskmw0r8ezzq2ztdnq,NEW,5,5
The Little Fiddle,the little fiddle,the-little-fiddle-chij8ra9vlylmw0rbyta0ub9d1s,NEW,8,8
The Loft Bar,the loft bar,the-loft-bar-chijxumlagmlmw0rundfadb9djg,NEW,3,3
The Lotus-Heart,the lotus heart,the-lotus-heart-chijm-lk5b-kmw0rektt-bd-s5s,NEW,6,6
the lotus-heart vegetarian restaurant,the lotus heart vegetarian restaurant,the-lotus-heart-vegetarian-restaurant-nuhep5y1o-vuxurmwpze5q,NEW,10,10
The Lucky Thai,the lucky thai,the-lucky-thai-chijf-m19-p1mw0ry0glmlxjdto,NEW,6,6
The Miller Bar,the miller bar,the-miller-bar-chijvwf4pnukmw0rtowvgwtsoek,NEW,3,3
The Monday Room,the monday room,the-monday-room-chijner2qx6kmw0rpedcd-4oeiq,NEW,8,8
The Montreal Bar & Restaurant,the montreal bar restaurant,the-montreal-bar-restaurant-chijuystwtmkmw0r2qxnqvckzxk,NEW,6,6
the nook eatery,the nook,the-nook-eatery-ijmwnvzi0t1d-y-7er4lzq,NEW,6,6
The Nook Thai Eatery,the nook thai,the-nook-thai-eatery-chij-rznvsskmw0r1zzurxn2ix8,NEW,5,5
"The Old Vicarage Cafe, Restaurant & Bar",the old vicarage cafe restaurant bar,the-old-vicarage-cafe-restaurant-bar-chij6t-aly8gmm0rwow4ygo0lcq,NEW,5,5
THE ONE Restaurant & Bar,the one restaurant bar,the-one-restaurant-bar-chijdcvazjalmw0rzrt2ipo5xkc,NEW,7,7
THE ORIGIN,the origin,the-origin-chiji6gb9m-lmw0rve4proqdabq,NEW,7,7
The Pedal Pusher Addington,the pedal pusher addington,the-pedal-pusher-addington-chij0zydzhukmw0r6a9c5vos-jm,NEW,4,4
the pedal pusher,the pedal pusher,the-pedal-pusher-qf1gfweolyz-rd79p5v-tw,NEW,5,5
The Poplar Social Club,the poplar social club,the-poplar-social-club-chijcyemcykkmw0rvnsmkbnbh-m,NEW,8,8
The Quarters at Riccarton House,the quarters at riccarton house,the-quarters-at-riccarton-house-chijhd8prpgkmw0rkxegvoecrbi,NEW,5,5
The Rising Sun Thai & Pan-Asian,the rising sun thai pan asian,the-rising-sun-thai-pan-asian-chijwbm-erycc0grd1nwk92fn34,NEW,5,5
The Rockpool Bar,the rockpool bar,the-rockpool-bar-chijs9ezvjykmw0r-lmtqscw23u,NEW,5,5
the rockpool,the rockpool,the-rockpool-fceitc-97l1lg6cz8oa7cq,NEW,4,4
The Spirits Workshop at Riverside Market,the spirits workshop at riverside market,the-spirits-workshop-at-riverside-market-chijtt1ykbgkmw0rvjgjb4vvqgw,NEW,8,8
The Square Restaurant and Bar,the square restaurant and bar,the-square-restaurant-and-bar-chijaz8fytykmw0rpnu5ggfgpn4,NEW,6,6
The Sushi Ninja,the sushi ninja,the-sushi-ninja-chijlflanqqlmw0r4zxmmrswltg,NEW,3,3
The Sushi Platter,the sushi platter,the-sushi-platter-chijzv9db8t1mw0rycwzg713rrm,NEW,7,7
The Thai Kitchen,the thai kitchen,the-thai-kitchen-chijmc2gbqikmw0rngrwme4gv-m,NEW,7,7
The Thirsty Peacock,the thirsty peacock,the-thirsty-peacock-chijsylqvj6kmw0rmdcbyhunjyy,NEW,8,8
the twisted hop,the twisted hop,the-twisted-hop-gef6rxh6ivyfxi7sae-jyq,NEW,4,4
The Victoria Free House,the victoria free house,the-victoria-free-house-chijw0xygv-lmw0rmvs7n-3w5a8,NEW,6,6
The Waimakariri Tavern,the waimakariri tavern,the-waimakariri-tavern-chij6vixdwuomw0regqz-rdttxa,NEW,4,4
the watershed,the watershed,the-watershed-x6l-qg-dtxepcq5pmou7ww,NEW,1,1
Thonglor Thai Restaurant Christchurch,thonglor thai restaurant christchurch,thonglor-thai-restaurant-christchurch-chije324-eulmw0ryz4nsfrb-ya,NEW,7,7
Three Boys Brewery,three boys brewery,three-boys-brewery-chijvwehedcjmw0rbvwcjt-zbnc,NEW,7,7
Three Elements Chinese Restaurant,three elements chinese restaurant,three-elements-chinese-restaurant-chijlsde6pwkmw0rycek9azhlms,NEW,7,7
Tiger Baby Bar,tiger baby bar,tiger-baby-bar-chijct094nqlmw0rvyutu3ouiy4,NEW,6,6
tiki taco,tiki taco,tiki-taco-oh-4v3gnipxpmk7hatnhba,NEW,1,1
Tikkas and Masalas,tikkas and masalas,tikkas-and-masalas-chijlx7qaaclmw0r-re3sm57cni,NEW,7,7
Tomi Japanese Restaurant,tomi japanese restaurant,tomi-japanese-restaurant-chij05dyg9klmw0raxcoxl4e0uo,NEW,6,6
Tony's Teppan Yaki Japanese Restaurant,tony s teppan yaki japanese restaurant,tony-s-teppan-yaki-japanese-restaurant-chijq-aimsmimw0rj1jgdzwzubs,NEW,8,8
tony’s teppan yaki japanese restaurant,tony s teppan yaki japanese restaurant,tonys-teppan-yaki-japanese-restaurant-udg4gwakwladcxdiqdwehw,MERGED,3,11
Town Tonic Cafe & Restaurant,town tonic cafe restaurant,town-tonic-cafe-restaurant-chijkys802skmw0rmb2vcxr4dz4,NEW,7,7
town tonic,town tonic,town-tonic-lll-lcidsto5c7j4osibgw,NEW,4,4
traiteur european butchery,traiteur european butchery,traiteur-european-butchery-ke0-zb0-2d-bu1x5myuacq,NEW,2,2
trevinos,trevinos,trevinos-8-me-vppotzeku-xdsweg,NEW,6,6
tudor’s restaurant and bar,tudor s restaurant and bar,tudors-restaurant-and-bar-gofla76eb2glx89hm4h4gw,NEW,2,2
Tussock Hill Vineyard and Cellar Door Restaurant,tussock hill vineyard and cellar door restaurant,tussock-hill-vineyard-and-cellar-door-restaurant-chijcbmvsgenmm0r3mgl5kuklx4,NEW,8,8
tutto bene,tutto bene,tutto-bene-6xwzxfzxralkhrvg13an8a,NEW,16,16
Tutto Bene,tutto bene,tutto-bene-chijzrtxibslmw0rvgftaawx6g4,MERGED,7,23
Twenty Seven Steps,twenty seven steps,twenty-seven-steps-chijowvyvsskmw0r9vyxiwcit6a,NEW,5,5
twenty seven steps,twenty seven steps,twenty-seven-steps-weyj3b-eh6js6dbfmzqudw,MERGED,46,51
Twins Chinese Takeaway,twins chinese takeaway,twins-chinese-takeaway-chijmyxl5ip1mw0r30on8dr0-cg,NEW,7,7
Two Fat Indians - City Central,two fat indians city central,two-fat-indians-city-central-chijgymzebikmw0rhx6yhkadex4,NEW,7,7
Two Thumb Brewing Co. on Manchester,two thumb brewing co on manchester,two-thumb-brewing-co-on-manchester-chijgyqbzy6kmw0rgxzofsa7-6e,NEW,7,7
Two Thumb Brewing on Colombo,two thumb brewing on colombo,two-thumb-brewing-on-colombo-chijwxywlqilmw0rcgfl0vtx9qi,NEW,7,7
Uncle Seven’s Claypot Rice,uncle seven s claypot rice,uncle-sevens-claypot-rice-chijnxudbmglmw0rtkuaqrhc0vm,NEW,4,4
Under The Red Verandah,under the red verandah,under-the-red-verandah-chijdyojtpgjmw0rumgyq-5cszu,NEW,5,5
universo brasserie & bar,universo brasserie bar,universo-brasserie-bar-vzbs6zwxqipwoom6gcvmda,NEW,4,4
unknown chapter,unknown chapter,unknown-chapter-vzr1b2n54dn6w54spcy27w,NEW,13,13
Urban Tapri,urban tapri,urban-tapri-chijixmk20ylmw0rlus20llz5dc,NEW,7,7
Valley Inn Tavern,valley inn tavern,valley-inn-tavern-chijx2-n-zunmm0rlpmzfijpck4,NEW,4,4
velvet burger,velvet burger,velvet-burger-0ekadtcp6hblv43t88bgnw,NEW,5,5
Vietnam To Go,vietnam to go,vietnam-to-go-chijtd6-ybikmw0rkf-lpkyeusi,NEW,5,5
Volstead Trading Company,volstead trading company,volstead-trading-company-chiji97dwpskmw0rw0ik-jtoepg,NEW,8,8
Wairakei Chinese Takeaway,wairakei chinese takeaway,wairakei-chinese-takeaway-chijbzthqrqlmw0rc4gjsev2ama,NEW,5,5
Water Drop Vegetarian Cafe,water drop vegetarian cafe,water-drop-vegetarian-cafe-chijkd4sql-kmw0r4n5daw3qgya,NEW,6,6
Welcome Chinese Vegetarian Cafe,welcome chinese vegetarian cafe,welcome-chinese-vegetarian-cafe-chijwyxz1uqkmw0rhkpxf3djvzi,NEW,6,6
welcome chinese vegetarian food,welcome chinese vegetarian food,welcome-chinese-vegetarian-food-mza1mnzezbffstjj2ijmhq,NEW,5,5
Welcome India,welcome india,welcome-india-chijexsle5mlmw0ryjsj8d9aqme,NEW,6,6
Westend Stories,westend stories,westend-stories-chijx-ie2z2kmw0rx90jzxfbnzi,NEW,6,6
Whale’s Eatery,whale s,whales-eatery-chiji1viqykjmw0r2seyujsizmq,NEW,5,5
wholly bagels,wholly bagels,wholly-bagels-hqdttjw5macoczoripsqwg,NEW,2,2
WILKO,wilko,wilko-chijgfydqrwlmw0rn1qlr3d0vys,NEW,6,6
Wilsons Sports Bar,wilsons sports bar,wilsons-sports-bar-chijg1xlvf6kmw0r6365z67ipdg,NEW,4,4
Winnie Bagoes City,winnie bagoes city,winnie-bagoes-city-chijdwdalxmkmw0rosyergrn4dw,NEW,6,6
winnie bagoes,winnie bagoes,winnie-bagoes-hchzu4suxjsih3gaj3a-iq,NEW,6,6
wok on in,wok on in,wok-on-in-d12c-qzn3l8fdxqh4iu8jg,NEW,2,2
Yak&Fern – Cafe & Restaurant,yak fern cafe restaurant,yak-fern-cafe-restaurant-chijjae46u2jmw0rerrrcywn5-4,NEW,8,8
yoshi japanese restaurant,yoshi japanese restaurant,yoshi-japanese-restaurant-efpwz0ceo1k-opyw7qy4xq,NEW,1,1
You Hanoi Me,you hanoi me,you-hanoi-me-chijwd8nasclmw0rqykh-v7x2mg,NEW,8,8
Yummy Chinese Cuisine 佳香味,yummy chinese cuisine,yummy-chinese-cuisine-jia-xiang-wei-chijqawuglikmw0rslliyqfrdh4,NEW,5,5
Zab Thai Food Takeaway,zab thai food takeaway,zab-thai-food-takeaway-chij4uwgjlakmw0rgfmwgrq7ylm,NEW,6,6
zaffron,zaffron,zaffron-ds4o6xq0335ejcefqj6adg,NEW,3,3
Zaffron - Thai and Vietnamese Restaurant,zaffron thai and vietnamese restaurant,zaffron-thai-and-vietnamese-restaurant-chijdzzzoqygmm0rdbrb6shl9yg,NEW,6,6
Zak's Kebab House - The best in Central City (Halal),zak s kebab house the best in central city halal,zak-s-kebab-house-the-best-in-central-city-halal-chijbuzcb1glmw0rnw2nr-ua7k0,NEW,5,5
zen,zen,zen-kmk24h490lrtl8m63rmahw,NEW,2,2
Zen Sushi & Dumplings,zen sushi dumplings,zen-sushi-dumplings-chije6c27z6kmw0rrgcgosudmse,NEW,5,5
Zodiac Bar,zodiac bar,zodiac-bar-chijy0rhpr6lmw0rawttyczo78i,NEW,8,8
"Zyka Indian Cuisine, Upper Riccarton",zyka indian cuisine upper riccarton,zyka-indian-cuisine-upper-riccarton-chijjflwyi6lmw0rpnatfwbjwd4,NEW,7,7
